sorting number	name	instance of	date of birth	date of death	sex	occupation or domain	geographic circles	Bibliotheque nationale de France Catalogue	data.bnf	Wikidata	ISNI	VIAF	Annuaire prosopographique : la France savante	In Who Was Who in Egyptology	Note
1	A Professor	human	unknown	unknown	male	professor	unknown								
2	[Signataire non identifié]	human	unknown	unknown	unknown	unknown	Netherlands								From Amsterdam (Netherlands)
3	[Signataire(s) non identifié(s)]	human	unknown	unknown	unknown	unknown	unknown								
4	Abel, Carl	human	1837	1906	male	linguist ; egyptologist ; writer	Germany			https://www.wikidata.org/wiki/Q99894	http://isni.org/isni/0000000108773444	http://viaf.org/viaf/20420732		yes	
5	Académie des inscriptions et belles-lettres	organisation	no	no	no	unknown	France ; Paris	https://catalogue.bnf.fr/ark:/12148/cb118621340	https://data.bnf.fr/ark:/12148/cb118621340	https://www.wikidata.org/wiki/Q337526	http://isni.org/isni/0000000121524813	http://viaf.org/viaf/126085610			Letter anouncing to Chabas he has been nominated as a correspondant
6	Académie royale des Sciences à Amsterdam	organisation	no	no	no	unknown	Netherlands	https://catalogue.bnf.fr/ark:/12148/cb11930623s	https://data.bnf.fr/ark:/12148/cb11930623s	https://www.wikidata.org/wiki/Q253439	http://isni.org/isni/0000000121536865	http://viaf.org/viaf/127339097			
7	Académie royale des Sciences et des Lettres	organisation	no	no	no	unknown	unknown								
8	Albert, Aristide	human	1821	1903	male	local historian ; librarian	France	https://catalogue.bnf.fr/ark:/12148/cb12462033t	https://data.bnf.fr/ark:/12148/cb12462033t		http://isni.org/isni/0000000034204440			no	From Briançon (Hautes-Alpes)
9	Allemant, Eugène	human	1837	unknown	male	antiquarian seller	France							yes	
10	Ancessi, Victor	human	1844	1878	male	egyptologist	France	https://catalogue.bnf.fr/ark:/12148/cb10542475b	https://data.bnf.fr/ark:/12148/cb10542475b					yes	
11	Aniéré, C.	human	unknown	unknown	unknown	unknown	France							no	From Dieppe (Seine-Maritime)
12	Arbaumont, Jules d'	human	1831	1916	male	historian ; naturalist	France ; Burgundy	https://catalogue.bnf.fr/ark:/12148/cb12427384x	https://data.bnf.fr/ark:/12148/cb12427384x	https://www.wikidata.org/wiki/Q28841614	http://isni.org/isni/0000000109180106	http://viaf.org/viaf/76694375	https://cths.fr/an/savant.php?id=2253	no	
13	Arcelin, Adrien	human	1838	1904	male	geologist ; archaeologist ; prehistorian ; archivist	France ; Saône-et-Loire	https://catalogue.bnf.fr/ark:/12148/cb11889031s	https://data.bnf.fr/ark:/12148/cb11889031s	https://www.wikidata.org/wiki/Q2825116	http://isni.org/isni/0000000005010815	http://viaf.org/viaf/29529199	https://cths.fr/an/savant.php?id=1660	yes	
14	Aubert-Roche, Louis-Rémy (docteur)	human	1810	1874	male	doctor	Egypt	https://catalogue.bnf.fr/ark:/12148/cb13013535j	https://data.bnf.fr/ark:/12148/cb13013535j					no	Doctor in Egypt (in Alexandria, then for the Suez Canal Company)
15	Aubert, Édouard	human	1814	1888	male	archaeologist	France	https://catalogue.bnf.fr/ark:/12148/cb133205555	https://data.bnf.fr/ark:/12148/cb133205555	https://www.wikidata.org/wiki/Q19629759	http://isni.org/isni/0000000061220075	http://viaf.org/viaf/88068887	https://cths.fr/an/savant.php?id=784	no	Member of the Société nationale des antiquaires de France
16	Aurès, Auguste	human	1806	1894	male	egyptologist ; archaeologist ; engineer	France	https://catalogue.bnf.fr/ark:/12148/cb12314378w	https://data.bnf.fr/ark:/12148/cb12314378w	https://www.wikidata.org/wiki/Q55761407		http://viaf.org/viaf/66534256	https://cths.fr/an/savant.php?id=102792	yes	
17	Avon, Adolphe	human	1841	1918	male	military officer	France	https://catalogue.bnf.fr/ark:/12148/cb169328465	https://data.bnf.fr/ark:/12148/cb169328465					no	A Captain
18	Avril, Charles	human	unknown	unknown	male	unknown	unknown							no	
19	Aymard, Auguste	human	1809	1889	male	archivist ; local historian ; curator ; prehistorian ; archaeologist	France ; Auvergne	https://catalogue.bnf.fr/ark:/12148/cb101953843	https://data.bnf.fr/ark:/12148/cb101953843		http://isni.org/isni/0000000071039691		https://cths.fr/an/savant.php?id=1310	no	
20	Aymonier, Étienne	human	1844	1929	male	traveller ; anthropologist ; linguist ; archaeologist ; military officer ; photographer	France	https://catalogue.bnf.fr/ark:/12148/cb12285971n	https://data.bnf.fr/ark:/12148/cb12285971n	https://www.wikidata.org/wiki/Q451154	http://isni.org/isni/0000000121365082	http://viaf.org/viaf/64068817	https://cths.fr/an/savant.php?id=113851#	no	
21	Azémar, A.C.	human	unknown	unknown	unknown	unknown	unknown							no	There is also a “J. C. Azémar” who wrote to Chabas in 1870
22	Azémar, J.C.	human	unknown	unknown	unknown	unknown	unknown							no	There is also an “A. C. Azémar” who wrote to Chabas in 1864
23	Babut, Laurent	human	unknown	unknown	male	unknown	France							no	From Chambéry (Savoie)
24	Bagster (?)	human	unknown	unknown	unknown	unknown	United Kingdom							no	From London (United Kingdom)
25	Bailleau, Joseph	human	1830	1909	male	doctor ; prehistorian ; archaeologist	France ; Auvergne	https://catalogue.bnf.fr/ark:/12148/cb106661396	https://data.bnf.fr/ark:/12148/cb106661396			http://viaf.org/viaf/299084982	https://cths.fr/an/savant.php?id=107484	no	From Pierrefitte-sur-Loire (Allier)
26	Baillet, Auguste	human	1834	1923	male	egyptologist ; archivist ; magistrate	France	https://catalogue.bnf.fr/ark:/12148/cb134803013	https://data.bnf.fr/ark:/12148/cb134803013	https://www.wikidata.org/wiki/Q34474200	http://isni.org/isni/0000000006506353	http://viaf.org/viaf/161262	https://cths.fr/an/savant.php?id=1680	yes	
27	Baillet, Ch.	human	unknown	unknown	unknown	unknown	unknown							no	
28	Barack, Karl August	human	1827	1900	male	librarian	Germany	https://catalogue.bnf.fr/ark:/12148/cb123782090	https://data.bnf.fr/ark:/12148/cb123782090	https://www.wikidata.org/wiki/Q1730339	http://isni.org/isni/0000000120207146	http://viaf.org/viaf/9929094	https://cths.fr/an/savant.php?id=101289	no	
29	Barbier	human	1800	1874	male	politician	France ; Paris			https://www.wikidata.org/wiki/Q16669944				no	Customs director general ('directeur général des Douanes')
30	Baroche, Pierre Jules	human	1802	1870	male	lawyer ; politician	France ; Paris	https://catalogue.bnf.fr/ark:/12148/cb14435719k	https://data.bnf.fr/ark:/12148/cb14435719k	https://www.wikidata.org/wiki/Q3385651	http://isni.org/isni/0000000115570274	http://viaf.org/viaf/66683795		no	
31	Barty, P.	human	unknown	unknown	male	writer	France							no	Editor from the République française
32	Barucchi, Francesco	human	1801	1869	male	professor ; historian ; curator ; egyptologist	Italy			https://www.wikidata.org/wiki/Q59711478	http://isni.org/isni/0000000036754921	http://viaf.org/viaf/70780615		no	Director of the Museo Egizio; has written on Egyptian chronology (https://gallica.bnf.fr/ark:/12148/bpt6k6250056f/f102.item)
33	Batault, Henri	human	1815	1890	male	lawyer ; historian ; numismatist	France ; Saône-et-Loire	https://catalogue.bnf.fr/ark:/12148/cb13013545v	https://data.bnf.fr/ark:/12148/cb13013545v					no	From Chalon-sur-Saône (Saône-et-Loire)
34	Battenberg (veuve) et Mayer	human	unknown	unknown	female	unknown	unknown							no	
35	Baudot, Henri	human	1799	1880	male	archaeologist ; curator ; lawyer	France ; Burgundy	https://catalogue.bnf.fr/ark:/12148/cb12448340z	https://data.bnf.fr/ark:/12148/cb12448340z		http://isni.org/isni/0000000001492204		https://cths.fr/an/savant.php?id=123369	no	From Côte-d’Or
36	Baye (baronne de)	human	unknown	unknown	female	unknown	France							no	
37	Baye, Joseph de	human	1853	1931	male	archaeologist ; historian	France ; Paris	https://catalogue.bnf.fr/ark:/12148/cb12949411r	https://data.bnf.fr/ark:/12148/cb12949411r	https://www.wikidata.org/wiki/Q15973578	http://isni.org/isni/0000000108546874	http://viaf.org/viaf/2603057	https://cths.fr/an/savant.php?id=123	no	
38	Bazin, J.	human	unknown	unknown	unknown	unknown	unknown							no	
39	Beaucaire aîné	human	unknown	unknown	male	unknown	unknown							no	There is a S. Beaucaire aîné, knight of the Légion d'honneur, administrator of the Caisse d'épargne, who wrote about electoral law
40	Beaudoin, Jules	human	unknown	unknown	male	unknown	France ; Burgundy							no	From Châtillon-sur-Seine (Côte-d'Or)
41	Beauvois, Eugène	human	1835	1912	male	historian ; archaeologist	France ; Burgundy	https://catalogue.bnf.fr/ark:/12148/cb103859330	https://data.bnf.fr/ark:/12148/cb103859330	https://www.wikidata.org/wiki/Q29378300	http://isni.org/isni/0000000082866297	http://viaf.org/viaf/104489297		no	From Corberon (cf. BiÉg 9, p. CXXXVII); also described in https://catalogue.bnf.fr/ark:/12148/cb103859330
42	Bellaguet, Louis François	human	1807	1884	male	civil servant ; historian	France	https://catalogue.bnf.fr/ark:/12148/cb124090129	https://data.bnf.fr/ark:/12148/cb124090129	https://www.wikidata.org/wiki/Q28028491	http://isni.org/isni/0000000116345765	http://viaf.org/viaf/46847556	https://cths.fr/an/savant.php?id=151	no	Public Education inspector; vice-chairman of the Société de l’histoire de France
43	Bernard, Thalès	human	1821	1873	male	writer	France	https://catalogue.bnf.fr/ark:/12148/cb137434740	https://data.bnf.fr/ark:/12148/cb137434740	https://www.wikidata.org/wiki/Q3519481	http://isni.org/isni/0000000001989608	http://viaf.org/viaf/39554949		no	
44	Berry (abbé)	human	unknown	unknown	male	unknown	unknown							no	
45	Berthier, V.	human	unknown	unknown	unknown	unknown	France							no	From Toulon (Var)
46	Bertrand, Alexandre	human	1820	1902	male	archaeologist ; professor ; curator	France ; Paris	https://catalogue.bnf.fr/ark:/12148/cb12363123v ; https://catalogue.bnf.fr/ark:/12148/cb12363123v15290696k	https://data.bnf.fr/ark:/12148/cb12363123v ; https://data.bnf.fr/ark:/12148/cb12363123v15290696k	https://www.wikidata.org/wiki/Q2342814	http://isni.org/isni/0000000066299499	http://viaf.org/viaf/49301782	https://cths.fr/an/savant.php?id=815	no	
47	Bertrand	human	unknown	unknown	unknown	unknown	France ; Auvergne							no	Vice-chairman of the Société d'émulation de l'Allier
48	Bibliothèque de la ville de Marseille	organisation	no	no	no	librarian	France	https://catalogue.bnf.fr/ark:/12148/cb118624533	https://data.bnf.fr/ark:/12148/cb118624533					no	
49	Birch, Samuel	human	1813	1885	male	linguist ; anthropologist ; egyptologist ; numismatist	United Kingdom	https://catalogue.bnf.fr/ark:/12148/cb13088768q	https://data.bnf.fr/ark:/12148/cb13088768q	https://www.wikidata.org/wiki/Q2742058	http://isni.org/isni/0000000080805298	http://viaf.org/viaf/757450	https://cths.fr/an/savant.php?id=124854	yes	
50	Bizot, Amélie	human	unknown	unknown	female	unknown	unknown							no	
51	Boban, Eugène	human	1834	1908	male	anthropologist ; antiquarian seller	France ; Paris	https://catalogue.bnf.fr/ark:/12148/cb150413431	https://data.bnf.fr/ark:/12148/cb150413431	https://www.wikidata.org/wiki/Q1061263	http://isni.org/isni/000000003619862X	http://viaf.org/viaf/54431330	https://cths.fr/an/savant.php?id=103747	no	
52	Boissard, E.	human	unknown	unknown	unknown	unknown	unknown							no	
53	Boisseau	human	unknown	unknown	unknown	unknown	France ; Auvergne							no	From Pierrefitte; see also Dr Bailleau, from Pierrefitte-sur-Loire?
54	Bonnetty, Augustin	human	1798	1879	male	philosopher	France	https://catalogue.bnf.fr/ark:/12148/cb127330391	https://data.bnf.fr/ark:/12148/cb127330391	https://www.wikidata.org/wiki/Q4821093	http://isni.org/isni/0000000061441513	http://viaf.org/viaf/71516575		no	
55	Boosh, J.C.G.	human	unknown	unknown	unknown	unknown	unknown							no	
56	Bortolotti, Pierre	human	1818	1894	male	mathematician ; archaeologist ; egyptologist	Italy	https://catalogue.bnf.fr/ark:/12148/cb10463747d	https://data.bnf.fr/ark:/12148/cb10463747d	https://www.wikidata.org/wiki/Q55225886	http://isni.org/isni/0000000061281898	http://viaf.org/viaf/39751097		no	Archaeologist from Modena (Italy)
57	Bosredon (comte de)	human	unknown	unknown	male	unknown	unknown							no	? https://data.bnf.fr/ark:/12148/cb12591788k ? (does not seem an archaeologsist in 1870 though)
58	Bouchié (Madame)	human	unknown	unknown	female	unknown	unknown							no	
59	Boulleau, A.	human	unknown	unknown	unknown	unknown	unknown							no	
60	Bourbeau, Louis Olivier	human	1811	1877	male	politician	France	https://catalogue.bnf.fr/ark:/12148/cb104280188	https://data.bnf.fr/ark:/12148/cb104280188	https://www.wikidata.org/wiki/Q3350850	http://isni.org/isni/0000000371565677	http://viaf.org/viaf/27449114		no	Public education minister (1869-1870), Vienne deputy and senator
61	Bourdon	human	unknown	unknown	unknown	unknown	unknown							no	
62	Boureil, Martin	human	unknown	unknown	male	artist	France ; Saône-et-Loire							no	Painter from Tournus (Saône-et-Loire)
63	Bourgeois, L. (abbé)	human	unknown	unknown	male	professor ; priest	France							no	From a school of Pontlevoy (Loir-et-Cher) ; = https://cths.fr/an/savant.php?id=123678 ?
64	Boysset, Charles Guillaume	human	1817	1901	male	politician ; lawyer ; sociologist	France	https://catalogue.bnf.fr/ark:/12148/cb106275418	https://data.bnf.fr/ark:/12148/cb106275418	https://www.wikidata.org/wiki/Q8305634	http://isni.org/isni/0000000390067235	http://viaf.org/viaf/283649481	https://cths.fr/an/savant.php?id=123885	no	
65	Breittmayer, Albert	human	1831	1911	male	engineer	unknown	https://catalogue.bnf.fr/ark:/12148/cb10494778j	https://data.bnf.fr/ark:/12148/cb10494778j		http://isni.org/isni/0000000420442981			no	Given in brackets by the catalogue
66	British Museum	organisation	unknown	unknown	no	unknown	United Kingdom			https://www.wikidata.org/wiki/Q6373				no	
67	Broca, Paul	human	1824	1880	male	doctor ; anthropologist ; naturalist ; politician	France ; Paris	https://catalogue.bnf.fr/ark:/12148/cb11894093b	https://data.bnf.fr/ark:/12148/cb11894093b	https://www.wikidata.org/wiki/Q311276	http://isni.org/isni/000000012095626X	http://viaf.org/viaf/14766849	http://cths.fr/an/savant.php?id=784	no	
68	Brocard, Marcel	human	unknown	unknown	male	unknown	unknown							no	? https://data.bnf.fr/ark:/12148/cb15582429p ? (doctor)
69	Brugsch, Heinrich	human	1827	1894	male	anthropologist ; archaeologist ; egyptologist ; professor	Germany	https://catalogue.bnf.fr/ark:/12148/cb13538401f	https://data.bnf.fr/ark:/12148/cb13538401f	https://www.wikidata.org/wiki/Q213729	http://isni.org/isni/0000000120956788	http://viaf.org/viaf/17384630		yes	
70	Brun, J.	human	unknown	unknown	unknown	unknown	France ; Paris							no	From Paris
71	Brun, Lucien	human	1822	1898	male	politician ; lawyer	France	https://catalogue.bnf.fr/ark:/12148/cb11793609v	https://data.bnf.fr/ark:/12148/cb11793609v	https://www.wikidata.org/wiki/Q3265405	http://isni.org/isni/0000000066304630	http://viaf.org/viaf/88798364		no	
72	Brunet de Presle, Charles	human	1809	1875	male	linguist ; professor ; historian	France ; Paris	https://catalogue.bnf.fr/ark:/12148/cb124629699	https://data.bnf.fr/ark:/12148/cb124629699	https://www.wikidata.org/wiki/Q4097433	http://isni.org/isni/0000000357848507	http://viaf.org/viaf/203410427	https://cths.fr/an/savant.php?id=1102	yes	
73	Brunet, J.	human	1829	1891	male	politician ; magistrate	France ; Paris	https://catalogue.bnf.fr/ark:/12148/cb10727229r	https://data.bnf.fr/ark:/12148/cb10727229r	https://www.wikidata.org/wiki/Q3184674	http://isni.org/isni/0000000123360832	http://viaf.org/viaf/173127175	https://cths.fr/an/savant.php?id=109187	no	Public education minister
74	Bruston, Charles	human	1838	1937	male	theologian ; professor	France	https://catalogue.bnf.fr/ark:/12148/cb13013821p	https://data.bnf.fr/ark:/12148/cb13013821p	https://www.wikidata.org/wiki/Q20669072	http://isni.org/isni/0000000122114672	http://viaf.org/viaf/58628600		no	
75	Bugniot, Claude Félix	human	1828	1898	male	priest	France ; Saône-et-Loire	https://catalogue.bnf.fr/ark:/12148/cb130031190	https://data.bnf.fr/ark:/12148/cb130031190		http://isni.org/isni/000000000181762X			no	
76	Buland	human	unknown	unknown	unknown	unknown	unknown							no	
77	Buland, Pierre	human	unknown	unknown	male	unknown	unknown							no	
78	Bulliot, Jacques-Gabriel	human	1817	1902	male	archaeologist ; businessman	France ; Saône-et-Loire	https://catalogue.bnf.fr/ark:/12148/cb130025891	https://data.bnf.fr/ark:/12148/cb130025891	https://www.wikidata.org/wiki/Q3158956	http://isni.org/isni/0000000108233560	http://viaf.org/viaf/73985730	http://cths.fr/an/savant.php?id=107918	no	
79	Burgat (de), William (abbé)	human	unknown	unknown	male	priest	Italy							no	BiÉg 9, p. XXI cites 'abbot William de Burgat, from Rome'
80	Busson, Gustave	human	1844	1914	male	priest	France	https://catalogue.bnf.fr/ark:/12148/cb13003951p	https://data.bnf.fr/ark:/12148/cb13003951p					no	
81	Cadet de Gassicourt, Charles Louis Félix	human	unknown	unknown	male	unknown	unknown							no	
82	Cahen, Samuel	human	1796	1862	male	writer ; hebraist ; linguist	France ; Paris	https://catalogue.bnf.fr/ark:/12148/cb12463203p	https://data.bnf.fr/ark:/12148/cb12463203p	https://www.wikidata.org/wiki/Q3471072	http://isni.org/isni/0000000110234562	http://viaf.org/viaf/29630858	https://cths.fr/an/savant.php?id=118609	no	
83	Cailliaud, Fernand	human	unknown	unknown	male	unknown	unknown							no	
84	Cailliaud, Frédéric	human	1787	1869	male	traveller ; naturalist ; geologist ; curator	France	https://catalogue.bnf.fr/ark:/12148/cb14970971q	https://data.bnf.fr/ark:/12148/cb14970971q	https://www.wikidata.org/wiki/Q967538	http://isni.org/isni/000000008343594X	http://viaf.org/viaf/51723198	https://cths.fr/an/savant.php?id=120126	yes	
85	Caix de Saint-Aymour, Amédée de	human	1843	1921	male	linguist ; historian ; archaeologist ; politician	France ; Paris	https://catalogue.bnf.fr/ark:/12148/cb13476926b	https://data.bnf.fr/ark:/12148/cb13476926b	https://www.wikidata.org/wiki/Q4218777	http://isni.org/isni/0000000110258935	http://viaf.org/viaf/44448137	https://cths.fr/an/savant.php?id=116524	no	
86	Canat, Marcel	human	1811	1891	male	lawyer ; local historian	France ; Saône-et-Loire	https://catalogue.bnf.fr/ark:/12148/cb11895006t	https://data.bnf.fr/ark:/12148/cb11895006t	https://www.wikidata.org/wiki/Q90422301	http://isni.org/isni/0000000061188351	http://viaf.org/viaf/8554	https://cths.fr/an/savant.php?id=107585	no	
87	Capellini, Giovanni	human	1833	1922	male	paleontologist ; naturalist ; professor ; geologist ; politician	Italy	https://catalogue.bnf.fr/ark:/12148/cb153534158	https://data.bnf.fr/ark:/12148/cb153534158	https://www.wikidata.org/wiki/Q451416	http://isni.org/isni/000000012281453X	http://viaf.org/viaf/69232941		no	
88	Cara, Gaetano	human	1803	1877	male	curator ; naturalist	Italy	https://catalogue.bnf.fr/ark:/12148/cb12958477n	https://data.bnf.fr/ark:/12148/cb12958477n	https://www.wikidata.org/wiki/Q5516677	http://isni.org/isni/000000047667567X			no	From the Cagliari Museum of antiquities; the catalogue has 'Giovanni' as first name, but it is probably Gaetano
89	Carlhian, Fréd.	human	unknown	unknown	male	military officer	France							no	Military, with rank of sergent major in the 119th Line Regiment
90	Carlhian, Virginie	human	unknown	unknown	female	unknown	France							no	From Briançon (Hautes-Alpes)
91	Castan, A.	human	1833	1892	male	historian ; librarian ; archaeologist ; archivist	France	https://catalogue.bnf.fr/ark:/12148/cb11895463r	https://data.bnf.fr/ark:/12148/cb11895463r	https://www.wikidata.org/wiki/Q766823	http://isni.org/isni/000000006629353X	http://viaf.org/viaf/4927747	https://cths.fr/an/savant.php?id=1162	no	
92	Caumont, Arcisse de	human	1801	1873	male	anthropologist ; historian ; archaeologist ; lawyer ;  geologist	France ; Normandy	https://catalogue.bnf.fr/ark:/12148/cb118955960	https://data.bnf.fr/ark:/12148/cb118955960	https://www.wikidata.org/wiki/Q2860647	http://isni.org/isni/0000000121363132	http://viaf.org/viaf/64003160	https://cths.fr/an/savant.php?id=371	no	
93	Cerquand, Jean-François	human	1816	1888	male	folklorist ; historian ; civil servant	France	https://catalogue.bnf.fr/ark:/12148/cb122908345	https://data.bnf.fr/ark:/12148/cb122908345	https://www.wikidata.org/wiki/Q578474	http://isni.org/isni/000000004935285X	http://viaf.org/viaf/49288583	https://cths.fr/an/savant.php?id=2360	no	
94	Chabas, Fred.	human	unknown	unknown	unknown	unknown	unknown							no	
95	Chabas, O.	human	unknown	unknown	unknown	unknown	France							no	From Nantes (Loire-Atlantique)
96	Chabas, P.	human	unknown	unknown	unknown	unknown	France ; Saône-et-Loire							no	From Chalon-sur-Saône (Saône-et-Loire)
97	Chagot, Charles	human	unknown	unknown	male	unknown	unknown							no	
98	Chagot, Jules	human	1801	unknown	male	businessman ; politician	France ; Saône-et-Loire			https://www.wikidata.org/wiki/Q30127849				no	
99	Chancellerie de la Légion d'honneur	organisation	unknown	unknown	no		France ; Paris							no	
100	Chancellerie de la légation des Pays-Bas	organisation	unknown	unknown	no	diplomat	France			https://www.wikidata.org/wiki/Q2841848				no	
101	Changarnier-Moissenet, A.	human	unknown	unknown	male	numismatist	France							no	Numismatist
102	Chantre, Ernest	human	1843	1924	male	anthropologist ; archaeologist ; professor ; geologist ; naturalist ; curator ; photographer	France ; Rhône	https://catalogue.bnf.fr/ark:/12148/cb12198207c	https://data.bnf.fr/ark:/12148/cb12198207c	https://www.wikidata.org/wiki/Q3056891	http://isni.org/isni/0000000122776940	http://viaf.org/viaf/27113208	https://cths.fr/an/savant.php?id=787	no	
103	Charles XV de Suède	human	1826	1872	male	monarch	Sweden	https://catalogue.bnf.fr/ark:/12148/cb10614830h	https://data.bnf.fr/ark:/12148/cb10614830h	https://www.wikidata.org/wiki/Q52925	http://isni.org/isni/0000000382591686	http://viaf.org/viaf/265309035		no	
104	Chassang?	human	unknown	unknown	unknown	unknown	unknown							no	
105	Chénier, J.	human	unknown	unknown	unknown	unknown	unknown							no	
106	Chevallier, Alfred (abbé)	human	1845	1910	male	priest ; local historian	France	https://catalogue.bnf.fr/ark:/12148/cb12125134t	https://data.bnf.fr/ark:/12148/cb12125134t					no	
107	Chevallier, Auguste	human	unknown	unknown	male	unknown	unknown							no	
108	Chevrier, Antoine	human	unknown	unknown	male	businessman ; geographer	France ; Saône-et-Loire	https://catalogue.bnf.fr/ark:/12148/cb10430117g	https://data.bnf.fr/ark:/12148/cb10430117g				https://cths.fr/an/savant.php?id=112440	no	Member of the Saône-et-Loire chamber of commerce
109	Chevrier, Jules	human	1816	1883	male	artist ; archaeologist ; collector	France	https://catalogue.bnf.fr/ark:/12148/cb118966599	https://data.bnf.fr/ark:/12148/cb118966599	https://www.wikidata.org/wiki/Q29365142	http://isni.org/isni/0000000066408915	http://viaf.org/viaf/9844615	https://cths.fr/an/savant.php?id=107541	no	
110	Cipolla, Carlo	human	1854	1916	male	historian	Italy	https://catalogue.bnf.fr/ark:/12148/cb12381586s	https://data.bnf.fr/ark:/12148/cb12381586s	https://www.wikidata.org/wiki/Q3659200	http://isni.org/isni/0000000108898642	http://viaf.org/viaf/39459547		no	
111	Clermont-Ganneau, Charles	human	1846	1923	male	orientalist	France ; Paris	https://catalogue.bnf.fr/ark:/12148/cb12166514c	https://data.bnf.fr/ark:/12148/cb12166514c	https://www.wikidata.org/wiki/Q2623694	http://isni.org/isni/0000000108138424	http://viaf.org/viaf/17263280	https://cths.fr/an/savant.php?id=108651	yes	In 1865 not yet an archaeologist, professor nor diplomat
112	Cocheris, Hippolyte	human	1829	1882	male	librarian ; historian ; politician ; archivist ; civil servant	France ; Paris	https://catalogue.bnf.fr/ark:/12148/cb121513163	https://data.bnf.fr/ark:/12148/cb121513163	https://www.wikidata.org/wiki/Q18509073	http://isni.org/isni/0000000066432990	http://viaf.org/viaf/41877863	https://cths.fr/an/savant.php?id=672	no	
113	Cohendy, Michel	human	1811	1889	male	archivist ; local historian	France	https://catalogue.bnf.fr/ark:/12148/cb10347047v	https://data.bnf.fr/ark:/12148/cb10347047v					no	
114	Cohn, Isaac	human	unknown	unknown	male	unknown	unknown							no	
115	Colmi-Bey (?)	human	unknown	unknown	male	unknown	Egypt							no	Member of the Institut égyptien in Alexandria
116	Colonna Walewski, Alexandre	human	1810	1868	male	politician ; diplomat	France	https://catalogue.bnf.fr/ark:/12148/cb10730075w	https://data.bnf.fr/ark:/12148/cb10730075w	https://www.wikidata.org/wiki/Q435375	http://isni.org/isni/0000000115569687	http://viaf.org/viaf/62344606	https://cths.fr/an/savant.php?id=107267	no	Foreign Affairs Minister
117	Congrès de Saint-Pétersbourg (Russie)	organisation	unknown	unknown	no	unknown	Russia			https://www.wikidata.org/wiki/Q56063214				no	
118	Congrès des orientalistes de Lyon (1878)	organisation	unknown	unknown	no	unknown	France ; Rhône	https://catalogue.bnf.fr/ark:/12148/cb10757825n	https://data.bnf.fr/ark:/12148/cb10757825n					no	
119	Congrès international d'anthropologie et d'archéologie préhistoriques	organisation	unknown	unknown	no	unknown	France	https://catalogue.bnf.fr/ark:/12148/cb125105795	https://data.bnf.fr/ark:/12148/cb125105795	https://www.wikidata.org/wiki/Q65127005				no	
120	Cooper, Basil Henry	human	1819	1891	male	priest ; egyptologist	United Kingdom	https://catalogue.bnf.fr/ark:/12148/cb104965654	https://data.bnf.fr/ark:/12148/cb104965654					yes	
121	Cooper, William Ricketts	human	1843	1878	male	orientalist ; egyptologist	United Kingdom			https://www.wikidata.org/wiki/Q18534965	http://isni.org/isni/0000000061234565	http://viaf.org/viaf/24999764		yes	
122	Coppi, Francesco	human	unknown	unknown	male	unknown	Italy							no	From Modena (Italy)
123	Cosquin, Emmanuel	human	1841	1919	male	folklorist ; orientalist	France	https://catalogue.bnf.fr/ark:/12148/cb13009253w	https://data.bnf.fr/ark:/12148/cb13009253w	https://www.wikidata.org/wiki/Q3052656	http://isni.org/isni/000000008125378X	http://viaf.org/viaf/46894565	https://cths.fr/an/savant.php?id=115339#	no	
124	Cosson, Charles Alexandre de	human	1846	1929	male	collector ; traveller	unknown	https://catalogue.bnf.fr/ark:/12148/cb11054238j	https://data.bnf.fr/ark:/12148/cb11054238j	https://www.wikidata.org/wiki/Q47542851				no	
125	Costaz	human	unknown	unknown	unknown	unknown	France							no	From Briançon (Hautes-Alpes)
126	Cotteau, Gustave	human	1818	1894	male	magistrate ; geologist ; naturalist ; curator	France ; Burgundy	https://catalogue.bnf.fr/ark:/12148/cb14637978g	https://data.bnf.fr/ark:/12148/cb14637978g				https://cths.fr/an/savant.php?id=105729	no	
127	Couturier (Madame)	human	unknown	unknown	female	unknown	unknown							no	
128	Creuly (général)	human	1795	1879	male	military officer ; historian	France ; Normandy	https://catalogue.bnf.fr/ark:/12148/cb106005655	https://data.bnf.fr/ark:/12148/cb106005655				https://cths.fr/an/savant.php?id=1425	no	
129	Dacosta, E.	human	unknown	unknown	male	rabbi	France ; Paris							no	BiÉg 9, p. CXVII: rabbi from Paris
130	Danielssen, Fred.	human	unknown	unknown	unknown	unknown	unknown							no	
131	Darnault, Alph.	human	unknown	unknown	male	politician	France							no	City councillor in Finistère
132	Daury (abbé)	human	unknown	unknown	male	priest	unknown							no	
133	Delafond, Frédéric	human	1844	1933	male	geologist	France ; Saône-et-Loire	https://catalogue.bnf.fr/ark:/12148/cb15315285j	https://data.bnf.fr/ark:/12148/cb15315285j	https://www.wikidata.org/wiki/Q19974553	http://isni.org/isni/000000001069334X	http://viaf.org/viaf/311466 		no	The catalogue gives 'E. Delafond', but it is more probably F. Delafond, collaborator to the journal 'L’égyptologie'; he also wrote with Perceval de Loriol a notice with a preface by Chabas on the 'Pentacrinus' of Sennecey-le-Grand
134	Delgeur, Louis	human	1819	1888	male	archaeologist	Belgium	https://catalogue.bnf.fr/ark:/12148/cb10305649w	https://data.bnf.fr/ark:/12148/cb10305649w	https://www.wikidata.org/wiki/Q28973725	http://isni.org/isni/000000038897563X	http://viaf.org/viaf/282265096		yes	Member of the Belgian Archaeology Academy
135	Delondre, Gustave	human	unknown	unknown	male	orientalist	France							no	Member of the Athénée Oriental
136	Derbat	human	unknown	unknown	unknown	unknown	unknown							no	
137	Desjardins	human	unknown	unknown	male	architect ; archaeologist	France ; Rhône						https://cths.fr/an/savant.php?id=102193#	no	From Lyon (Rhône)
138	Desnoyers, Jules	human	1800	1887	male	anthropologist ; archaeologist ; geologist ; prehistorian ; historian ; librarian	France ; Paris	https://catalogue.bnf.fr/ark:/12148/cb130112864	https://data.bnf.fr/ark:/12148/cb130112864	https://www.wikidata.org/wiki/Q327363	http://isni.org/isni/0000000061227269	http://viaf.org/viaf/12440253	https://cths.fr/an/savant.php?id=76	no	
139	Desvernois	human	unknown	unknown	unknown	unknown	unknown							no	
140	Det Kongelige norste Frederiks universitet	organisation	unknown	unknown	no	unknown	Norway	https://catalogue.bnf.fr/ark:/12148/cb12000281t	https://data.bnf.fr/ark:/12148/cb12000281t	https://www.wikidata.org/wiki/Q486156	http://isni.org/isni/0000000419368921	http://viaf.org/viaf/145844349		no	
141	Devéria (Madame)	human	unknown	unknown	female	unknown	France							no	Probably the mother of Théodule Devéria (BiEg 9, p. CXVI; it is not to be excluded that Chabas may have be in touch with other ladies from the Devéria family)
142	Devéria, Gabriel	human	1844	1899	male	writer ; diplomat ; orientalist	France	https://catalogue.bnf.fr/ark:/12148/cb126018734	https://data.bnf.fr/ark:/12148/cb126018734	https://www.wikidata.org/wiki/Q55772584	http://isni.org/isni/0000000081087160	http://viaf.org/viaf/29652334	https://cths.fr/an/savant.php?id=121291#	no	
143	Devéria, Théodule	human	1831	1871	male	anthropologist ; archaeologist ; egyptologist ; curator ; photographer	France ; Paris	https://catalogue.bnf.fr/ark:/12148/cb129494828	https://data.bnf.fr/ark:/12148/cb129494828	https://www.wikidata.org/wiki/Q406953	http://isni.org/isni/0000000066520528	http://viaf.org/viaf/51821846	https://cths.fr/an/savant.php?id=102689	yes	
144	Didier et Cie	organisation	unknown	unknown	no	bookseller	France							no	Distributes the Revue archéologique
145	Douglas, Robert K.	human	1838	1913	male	linguist ; curator	United Kingdom	https://catalogue.bnf.fr/ark:/12148/cb106009867	https://data.bnf.fr/ark:/12148/cb106009867	https://www.wikidata.org/wiki/Q5624138	http://isni.org/isni/0000000083769616	http://viaf.org/viaf/42620634		no	Given in brackets by the catalogue
146	Drouin, Edme	human	1838	1904	male	lawyer ; numismatist ; orientalist	France ; Paris	https://catalogue.bnf.fr/ark:/12148/cb105462821	https://data.bnf.fr/ark:/12148/cb105462821				https://cths.fr/an/savant.php?id=106227	no	Lawyer
147	Druilhet la Fargue, E.	human	unknown	unknown	unknown	unknown	unknown							no	
148	Du Chambge	human	unknown	unknown	unknown	unknown	unknown							no	
149	Du Mesnil, Eugène	human	unknown	unknown	male	unknown	unknown							no	
150	Düe	human	unknown	unknown	male	diplomat	France							no	'Secrétaire de la légation de Suède et Norvège': Sweden-Norway embassy secretary
151	Dümichen, Johannes	human	1833	1894	male	anthropologist ; archaeologist ; egyptologist ; professor	Germany	https://catalogue.bnf.fr/ark:/12148/cb12967210s	https://data.bnf.fr/ark:/12148/cb12967210s	https://www.wikidata.org/wiki/Q72177	http://isni.org/isni/0000000108557661	http://viaf.org/viaf/19982992		yes	The catalogue gives 'Johan' as first name
152	Dümichen, madame	human	unknown	unknown	female	unknown	Germany							no	
153	Dümichen, madame A.	human	unknown	unknown	female	unknown	Germany							no	
154	Dupont, E.	human	unknown	unknown	unknown	unknown	unknown							no	Maybe the Parisian archivist described in https://cths.fr/an/savant.php?id=1777
155	Duprat (Mme veuve Benjamin)	human	unknown	unknown	female	unknown	unknown							no	
156	Duprat, Benjamin	human	1802	1865	male	bookseller	France	https://catalogue.bnf.fr/ark:/12148/cb151344550	https://data.bnf.fr/ark:/12148/cb151344550					no	Bookseller
157	Dupuy de Borde(s?), Amélie	human	unknown	unknown	female	unknown	unknown							no	
158	Durand de Fontmagne (baron)	human	1852	1938	male	businessman ; archaeologist	France ; Rhône						https://cths.fr/an/savant.php?id=107537	no	
159	Dureau de la Malle, Adolphe	human	1777	1857	male	geographer ; historian ; writer ; naturalist ; artist	France ; Paris	https://catalogue.bnf.fr/ark:/12148/cb12075414w	https://data.bnf.fr/ark:/12148/cb12075414w	https://www.wikidata.org/wiki/Q677943	http://isni.org/isni/0000000084033328	http://viaf.org/viaf/99779253	https://cths.fr/an/savant.php?id=124208	no	
160	Dureau, Alexis	human	1831	1904	male	doctor ; librarian ; anthropologist ; historian	France ; Paris	https://catalogue.bnf.fr/ark:/12148/cb12950208b	https://data.bnf.fr/ark:/12148/cb12950208b				https://cths.fr/an/savant.php?id=1584	no	
161	Duréault, Jean-Jacques	human	1824	1890	male	engineer ; politician	France ; Saône-et-Loire	https://catalogue.bnf.fr/ark:/12148/cb10700917k	https://data.bnf.fr/ark:/12148/cb10700917k					no	Saône-et-Loire deputy (1824-1890, attribution given in brackets in the catalogue)
162	Duruy, Victor	human	1811	1894	male	historian ; politician ; writer ; professor	France ; Paris	https://catalogue.bnf.fr/ark:/12148/cb12453369p	https://data.bnf.fr/ark:/12148/cb12453369p	https://www.wikidata.org/wiki/Q583868	http://isni.org/isni/0000000081461124	http://viaf.org/viaf/66562025	https://cths.fr/an/savant.php?id=797	no	Other letters may be adressed to him as Public Eductation minister
163	Ebers, Georg	human	1837	1898	male	writer ; archaeologist ; egyptologist ; professor ; lawyer	Germany	https://catalogue.bnf.fr/ark:/12148/cb12992978r ; https://catalogue.bnf.fr/ark:/12148/cb124435002	https://data.bnf.fr/ark:/12148/cb12992978r ; https://data.bnf.fr/ark:/12148/cb124435002	https://www.wikidata.org/wiki/Q62765	http://isni.org/isni/0000000121020412	http://viaf.org/viaf/67259743		yes	
164	Egger, Émile	human	1813	1885	male	linguist ; historian	France ; Paris	https://catalogue.bnf.fr/ark:/12148/cb12490044m	https://data.bnf.fr/ark:/12148/cb12490044m	https://www.wikidata.org/wiki/Q2343987	http://isni.org/isni/0000000121311535	http://viaf.org/viaf/46863959	https://cths.fr/an/savant.php?id=1519	no	
165	Eisenlohr, August	human	1832	1902	male	archaeologist ; egyptologist ; professor	Germany	https://catalogue.bnf.fr/ark:/12148/cb104333392	https://data.bnf.fr/ark:/12148/cb104333392	https://www.wikidata.org/wiki/Q112519	http://isni.org/isni/0000000108969818	http://viaf.org/viaf/47513170		yes	
166	Elena, Francesco	human	unknown	unknown	male	unknown	unknown							no	
167	Engelhardt, Conrad	human	1825	1881	male	archaeologist ; prehistorian	Denmark			https://www.wikidata.org/wiki/Q1604653	http://isni.org/isni/0000000054717462	http://viaf.org/viaf/57368066 		no	Kongelige Nordiske Oldskrift-Selskab
168	Exposition en faveur des amputés français	organisation	unknown	unknown	no	unknown	France							no	
169	Fabretti, Ariodante	human	1816	1894	male	anthropologist ; archaeologist ; politician ; historian ; curator	Italy	https://catalogue.bnf.fr/ark:/12148/cb13743800j	https://data.bnf.fr/ark:/12148/cb13743800j	https://www.wikidata.org/wiki/Q1131427	http://isni.org/isni/0000000061325555	http://viaf.org/viaf/46940128	https://cths.fr/an/savant.php?id=124989	yes	
170	Faivre	human	unknown	unknown	unknown	unknown	unknown							no	
171	Faivre, E.	human	unknown	unknown	unknown	unknown	unknown							no	Presumably Ernest, from Lyon (Rhône), naturalist and doctor https://cths.fr/an/savant.php?id=100450 ?
172	Ferrus, George	human	unknown	unknown	male	unknown	unknown							no	
173	Ferry, Hippolyte	human	unknown	unknown	male	geographer	France	https://catalogue.bnf.fr/ark:/12148/cb15510219w	https://data.bnf.fr/ark:/12148/cb15510219w					no	Member of the Paris Société de géographie
174	Fertiault, François	human	1814	1915	male	writer	France	https://catalogue.bnf.fr/ark:/12148/cb11902671h	https://data.bnf.fr/ark:/12148/cb11902671h	https://www.wikidata.org/wiki/Q1451022	http://isni.org/isni/0000000121272169	http://viaf.org/viaf/34456519		no	
175	Flouest, Édouard	human	1829	1891	male	lawyer ; archaeologist	France ; Saône-et-Loire	https://catalogue.bnf.fr/ark:/12148/cb13165115h	https://data.bnf.fr/ark:/12148/cb13165115h	https://www.wikidata.org/wiki/Q55772930	http://isni.org/isni/0000000383032587	http://viaf.org/viaf/267440469	https://cths.fr/an/savant.php?id=2138	no	Member of the Société des antiquaires de France
176	Foisset, Paul	human	1831	1885	male	historian	France ; Burgundy	https://catalogue.bnf.fr/ark:/12148/cb10270016b	https://data.bnf.fr/ark:/12148/cb10270016b				https://cths.fr/an/savant.php?id=103280	no	
177	Fontenay, Harold de	human	1841	1889	male	historian ; archivist ; curator ; librarian	France ; Burgundy	https://catalogue.bnf.fr/ark:/12148/cb11903072f	https://data.bnf.fr/ark:/12148/cb11903072f	https://www.wikidata.org/wiki/Q34490049	http://isni.org/isni/0000000081246168	http://viaf.org/viaf/46761036	https://cths.fr/an/savant.php?id=107543	no	
178	Franck, A.	human	unknown	unknown	male	bookseller	unknown							no	
179	Francks, Augustus W.	human	1826	1897	male	curator ; collector	United Kingdom							yes	
180	Fraté (chevalier)	human	unknown	unknown	male	unknown	unknown							no	
181	Frati, Luigi	human	1815	1902	male	librarian	Italy	https://catalogue.bnf.fr/ark:/12148/cb12397635t	https://data.bnf.fr/ark:/12148/cb12397635t	https://www.wikidata.org/wiki/Q3839657	http://isni.org/isni/000000008076780X	http://viaf.org/viaf/29617944		no	
182	Fröhner, Wilhelm	human	1834	1925	male	historian ; archaeologist ; curator ; numismatist	France	https://catalogue.bnf.fr/ark:/12148/cb124598089	https://data.bnf.fr/ark:/12148/cb124598089	https://www.wikidata.org/wiki/Q108628	http://isni.org/isni/0000000116256287	http://viaf.org/viaf/39736474		no	
183	Gariel, Hyacinthe	human	1812	1890	male	librarian	France	https://catalogue.bnf.fr/ark:/12148/cb129029406	https://data.bnf.fr/ark:/12148/cb129029406					no	
184	Gastaldi, Bartolomeo	human	1818	1879	male	paleontologist ; geologist ; archaeologist	Italy	https://catalogue.bnf.fr/ark:/12148/cb105253234	https://data.bnf.fr/ark:/12148/cb105253234	https://www.wikidata.org/wiki/Q3635373	http://isni.org/isni/0000000047962291	http://viaf.org/viaf/8171409		no	
185	Genteur, Maximilien Simon	human	1815	1882	male	politician	France	https://catalogue.bnf.fr/ark:/12148/cb106167401	https://data.bnf.fr/ark:/12148/cb106167401					no	
186	Gindriez, Ch.	human	unknown	unknown	male	architect	France ; Saône-et-Loire							no	Architect from Chalon-sur-Sâone (Saône-et-Loire)
187	Girard de Rialle, Julien	human	1820	1898	male	archaeologist ; linguist ; diplomat ; americanist	France	https://catalogue.bnf.fr/ark:/12148/cb105680366	https://data.bnf.fr/ark:/12148/cb105680366	https://www.wikidata.org/wiki/Q65098926		http://viaf.org/viaf/210209573	https://cths.fr/an/savant.php?id=107918	no	Worked with the linguist Caix de Saint-Aymour (BiÉg 9, p. LXXXIX)
188	Girault (Madame, née Lesourd)	human	unknown	unknown	female	unknown	unknown							no	
189	Golenischeff, Wladimir	human	1856	1947	male	egyptologist	Russia ; Germany ; France			https://www.wikidata.org/wiki/Q545046	http://isni.org/isni/0000000079792338	http://viaf.org/viaf/88874803		yes	
190	Goltz	human	1817	1869	male	diplomat	Germany	https://catalogue.bnf.fr/ark:/12148/cb115752200	https://data.bnf.fr/ark:/12148/cb115752200	https://www.wikidata.org/wiki/Q102582	http://isni.org/isni/0000000108161624	http://viaf.org/viaf/122220985		no	
191	Goncet, Jean	human	unknown	unknown	male	unknown	unknown							no	
192	Goodwin, C. Wycliffe	human	1817	1878	male	magistrate ; egyptologist	United Kingdom	https://catalogue.bnf.fr/ark:/12148/cb10616934n	https://data.bnf.fr/ark:/12148/cb10616934n	https://www.wikidata.org/wiki/Q5083738	http://isni.org/isni/0000000037925278	http://viaf.org/viaf/27054864		yes	
193	Gourdon, Maurice	human	1847	1941	male	geologist ; curator ; artist ; photographer ; geographer	France	https://catalogue.bnf.fr/ark:/12148/cb12989890t	https://data.bnf.fr/ark:/12148/cb12989890t				https://cths.fr/an/savant.php?id=100291	no	
194	Rouland, Gustave	human	1806	1878	male	politician ; lawyer ; magistrate	France ; Paris	https://catalogue.bnf.fr/ark:/12148/cb155876341	https://data.bnf.fr/ark:/12148/cb155876341	https://www.wikidata.org/wiki/Q3121315	http://isni.org/isni/0000000059413396	http://viaf.org/viaf/12625084	https://cths.fr/an/savant.php?id=107264	no	Governor of the Banque de France
195	Gozzadini, Giovanni	human	1810	1887	male	anthropologist ; archaeologist ; politician ; curator	Italy	https://catalogue.bnf.fr/ark:/12148/cb124626324	https://data.bnf.fr/ark:/12148/cb124626324	https://www.wikidata.org/wiki/Q3767414	http://isni.org/isni/0000000063006101	http://viaf.org/viaf/61645539	https://cths.fr/an/savant.php?id=125030	no	
196	Grasset aîné	human	1799	1879	male	curator ; librarian ; businessman ; collector	France			https://www.wikidata.org/wiki/Q28091791		http://viaf.org/viaf/313555026	https://cths.fr/an/savant.php?id=102534#	no	
197	Grébaut, Eugène	human	1846	1915	male	historian ; egyptologist	France	https://catalogue.bnf.fr/ark:/12148/cb13498855j	https://data.bnf.fr/ark:/12148/cb13498855j	https://www.wikidata.org/wiki/Q3059902	http://isni.org/isni/0000000081061788	http://viaf.org/viaf/27222257		yes	
198	Greene, John B.	human	1832	1856	male	archaeologist ; photographer	France	https://catalogue.bnf.fr/ark:/12148/cb14976208g	https://data.bnf.fr/ark:/12148/cb14976208g	https://www.wikidata.org/wiki/Q1699205	http://isni.org/isni/0000000066639887	http://viaf.org/viaf/71667933		yes	
199	Grimaldi, L.	human	1814	1894	male	politician	France ; Saône-et-Loire			https://www.wikidata.org/wiki/Q3356986		https://viaf.org/viaf/3266148209330300460002/		no	
200	Gromier	human	unknown	unknown	male	bookseller	France							no	Bookseller from Bourg (Ain)
201	Gros père et fils	human	unknown	unknown	male	unknown	France ; Saône-et-Loire							no	From Châlons-sur-Saône (Saône-et-Loire)
202	Gros, Ch.	human	unknown	unknown	unknown	unknown	unknown							no	? https://data.bnf.fr/ark:/12148/cb13073216p ? (Provençal poet)
203	Gross, Victor	human	1845	1920	male	doctor ; archaeologist ; collector	Switzerland	https://catalogue.bnf.fr/ark:/12148/cb10436687g	https://data.bnf.fr/ark:/12148/cb10436687g					no	
204	Guessard, Alex.	human	unknown	unknown	unknown	unknown	unknown							no	
205	Guichard, A.	human	unknown	unknown	unknown	unknown	unknown							no	
206	Guieysse, O.	human	unknown	unknown	unknown	unknown	unknown							no	
207	Guieysse, Pierre-Paul	human	1841	1914	male	politician	France	https://catalogue.bnf.fr/ark:/12148/cb12090295c	https://data.bnf.fr/ark:/12148/cb12090295c	https://www.wikidata.org/wiki/Q3383454	http://isni.org/isni/0000000061292853	http://viaf.org/viaf/245034747		yes	
208	Guigniaut, Joseph-Daniel	human	1794	1876	male	professor ; historian ; archaeologist ; prehistorian	France ; Saône-et-Loire ; Paris	https://catalogue.bnf.fr/ark:/12148/cb13475757t	https://data.bnf.fr/ark:/12148/cb13475757t	https://www.wikidata.org/wiki/Q3184217	http://isni.org/isni/0000000121187888	http://viaf.org/viaf/5080788	https://cths.fr/an/savant.php?id=108661	no	
209	Guillaume Ier de Prusse	human	1797	1888	male	monarch	Germany	https://catalogue.bnf.fr/ark:/12148/cb113442872	https://data.bnf.fr/ark:/12148/cb113442872	https://www.wikidata.org/wiki/Q150652	http://isni.org/isni/0000000110630020	http://viaf.org/viaf/43148190		no	
210	Guillaume III des Pays-Bas	human	1817	1890	male	monarch	Netherlands	https://catalogue.bnf.fr/ark:/12148/cb16077720p	https://data.bnf.fr/ark:/12148/cb16077720p	https://www.wikidata.org/wiki/Q125649	http://isni.org/isni/0000000066757576	http://viaf.org/viaf/286321103		no	
211	Guillemin	human	unknown	unknown	unknown	unknown	unknown							no	Presumably François (https://cths.fr/an/savant.php?id=101523) or Henri (https://cths.fr/an/savant.php?id=101532), both naturalists from Chalon-sur-Saône
212	Guimet, Émile	human	1836	1918	male	collector ; archaeologist ; businessman ; orientalist ; curator	France ; Rhône	https://catalogue.bnf.fr/ark:/12148/cb11906473m	https://data.bnf.fr/ark:/12148/cb11906473m	https://www.wikidata.org/wiki/Q285963	http://isni.org/isni/0000000108761128	http://viaf.org/viaf/19678520	https://cths.fr/an/savant.php?id=1050	yes	
213	Halévy, Joseph	human	1827	1917	male	traveller ; anthropologist ; archaeologist ; professor ; assyriologist	France	https://catalogue.bnf.fr/ark:/12148/cb135357215	https://data.bnf.fr/ark:/12148/cb135357215	https://www.wikidata.org/wiki/Q601964	http://isni.org/isni/0000000066296191	http://viaf.org/viaf/24763420		no	
214	Halévy, Jules	human	1827	1917	male	traveller ; anthropologist ; archaeologist ; professor ; assyriologist	France			https://www.wikidata.org/wiki/Q601964	http://isni.org/isni/0000000066296191	http://viaf.org/viaf/24763420 		no	References are for Joseph Halévy (BiEg 9, p. CXXVIII, cites only 'J. Halévy', and Joseph seems far more relevant...?)
215	Hallberger, Eduard	human	1822	1880	male	publisher	Germany			https://www.wikidata.org/wiki/Q1288576	http://isni.org/isni/0000000024269670	http://viaf.org/viaf/15561070		no	German publisher (1822-1880)
216	Harris, Anthony Charles	human	1790	1869	male	archaeologist ; collector ; egyptologist ; traveller ; antiquarian seller	United Kingdom ; Egypt			https://www.wikidata.org/wiki/Q526842	http://isni.org/isni/0000000074120129	http://viaf.org/viaf/91674207		yes	
217	Harris, Selima	human	1827	1899	female	collector	Egypt ; United Kingdom							yes	
218	Hengen	human	unknown	unknown	unknown	unknown	unknown							no	
219	Herold, Albert L.	human	unknown	unknown	male	unknown	unknown							no	
220	Hildebrand, Hans	human	1842	1913	male	anthropologist ; prehistorian ; archaeologist	Sweden	https://catalogue.bnf.fr/ark:/12148/cb106812924	https://data.bnf.fr/ark:/12148/cb106812924	https://www.wikidata.org/wiki/Q46778	http://isni.org/isni/0000000108773567	http://viaf.org/viaf/20441030		no	
221	Hincks, Edward	human	1792	1866	male	linguist ; assyriologist ; archaeologist	United Kingdom	https://catalogue.bnf.fr/ark:/12148/cb10313511n	https://data.bnf.fr/ark:/12148/cb10313511n	https://www.wikidata.org/wiki/Q454770	http://isni.org/isni/0000000063195694	http://viaf.org/viaf/62328869		yes	
222	Holst (chevalier de)	human	1791	1871	male	unknown	Norway			https://www.wikidata.org/wiki/Q4588577	http://isni.org/isni/0000000140127135	http://viaf.org/viaf/211334893 	https://cths.fr/an/savant.php?id=3841	no	Christiania University secretary
223	Horrack-Lockwood, Lizzie W. de	human	unknown	unknown	female	unknown	France							no	
224	Horrack, Jacques de	human	1820	1902	male	egyptologist	France	https://catalogue.bnf.fr/ark:/12148/cb12335123q	https://data.bnf.fr/ark:/12148/cb12335123q					yes	
225	Hummel et Cie	organisation	unknown	unknown	no	unknown	unknown							no	
226	Husson, Hyacinthe	human	1853	unknown	male	writer	France ; Paris			https://www.wikidata.org/wiki/Q17378068	http://isni.org/isni/0000000061935273	http://viaf.org/viaf/89044081	https://cths.fr/an/savant.php?id=110066	yes	
227	Hutteau, A.	human	unknown	unknown	unknown	unknown	unknown							no	
228	Issaverdens, Jacques	human	unknown	unknown	male	unknown	unknown							no	
229	Jacquel	human	unknown	unknown	unknown	unknown	unknown							no	
230	Jeannin, O. (docteur)	human	unknown	unknown	male	doctor	France ; Saône-et-Loire							no	Jeannin, D., from Montceau-les-Mines (Sâone-et-Loire)
231	Jutier, Sylvain Charles Prosper	human	1826	unknown	male	engineer	France			https://www.wikidata.org/wiki/Q3507029				no	Given in brackets by the catalogue
232	Kaltbrummer/Kaltbrunner, Ferd.	human	unknown	unknown	unknown	unknown	Switzerland							no	From Zürich (Switzerland) 
233	L'Année	organisation	unknown	unknown	no	unknown	France							no	
234	L'Année archéologique et philologique	organisation	unknown	unknown	no	unknown	France							no	
235	Napoléon III	human	1808	1873	male	politician ; monarch	France	https://catalogue.bnf.fr/ark:/12148/cb12462544v	https://data.bnf.fr/ark:/12148/cb12462544v	https://www.wikidata.org/wiki/Q7721	http://isni.org/isni/0000000121429066	http://viaf.org/viaf/88934487		no	
236	L'un des directeurs du Polyibiblion	organisation	unknown	unknown	male	unknown	France	https://catalogue.bnf.fr/ark:/12148/cb32841049f	https://data.bnf.fr/ark:/12148/cb32841049f	https://www.wikidata.org/wiki/Q28955652				no	
237	La Loyère, Monsieur et Mme P. de	human	unknown	unknown	unknown	unknown	unknown							no	
238	La Saussaye, Louis de	human	1801	1878	male	numismatist ; historian ; librarian ; politician	France ; Rhône	https://catalogue.bnf.fr/ark:/12148/cb13174371h	https://data.bnf.fr/ark:/12148/cb13174371h	https://www.wikidata.org/wiki/Q3263501	http://isni.org/isni/0000000122816981	http://viaf.org/viaf/71531035	https://cths.fr/an/savant.php?id=107598	no	
239	Lalanne, Ludovic	human	1815	1898	male	librarian ; historian	France ; Paris	https://catalogue.bnf.fr/ark:/12148/cb124250880	https://data.bnf.fr/ark:/12148/cb124250880	https://www.wikidata.org/wiki/Q3266138	http://isni.org/isni/0000000108565258	http://viaf.org/viaf/34547903	https://cths.fr/an/savant.php?id=802	no	
240	Lamartine, Alphonse de	human	1790	1869	male	politician ; diplomat ; historian ; writer	France ; Saône-et-Loire ; Paris	https://catalogue.bnf.fr/ark:/12148/cb119108008	https://data.bnf.fr/ark:/12148/cb119108008	https://www.wikidata.org/wiki/Q188697	http://isni.org/isni/0000000121441161	http://viaf.org/viaf/95150108	https://cths.fr/an/savant.php?id=124294	no	
241	Lambert, Gustave	human	1818	1898	male	historian	France	https://catalogue.bnf.fr/ark:/12148/cb10528830h	https://data.bnf.fr/ark:/12148/cb10528830h				https://cths.fr/an/savant.php?id=101953	no	Historian from Var (there is also an arctic explorer of this name)
242	Langlois, Victor	human	1829	1869	male	orientalist ; archaeologist ; numismatist ; historian	France	https://catalogue.bnf.fr/ark:/12148/cb119109774	https://data.bnf.fr/ark:/12148/cb119109774	https://www.wikidata.org/wiki/Q2522463	http://isni.org/isni/0000000118390172	http://viaf.org/viaf/88036457		no	
243	Lansberge	human	unknown	unknown	male	diplomat	France							no	Secretary to the Dutch embassy
244	Lattes, Moïse	human	unknown	unknown	male	unknown	Italy							no	From Venice (Italy); BiÉg 9, p. CXVII: son of the chief rabbi
245	Laurent, H.	human	unknown	unknown	unknown	unknown	unknown					http://viaf.org/viaf/16973528		no	
246	Lauth, Franz Joseph	human	1822	1895	male	egyptologist ; professor	Germany			https://www.wikidata.org/wiki/Q5492832				yes	
247	Le Bibliothécaire de la Bibliothèque royale de Berlin (Allemagne)	position	unknown	unknown	male	librarian	Germany			https://www.wikidata.org/wiki/Q170109				no	
248	le chargé d'affaires de Suède et Norvège	position	unknown	unknown	male	diplomat	Sweden ; Norway							no	
249	Le chef du cabinet particulier de sa Majesté le Roi d'Italie	position	unknown	unknown	male	unknown	Italy							no	
250	Le curé et maire de Briançon	position	unknown	unknown	male	priest ; politician	France							no	
251	Le Dantec, Félix	human	unknown	unknown	male	unknown	France							no	From Lorient (Morbihan)
252	Le directeur du Musée d'Aix-les-Bains (Savoie)	position	unknown	unknown	male	unknown	France							no	
253	Le Ministre plénipotentiaire des Pays-Bas	position	unknown	unknown	male	diplomat	Netherlands							no	
254	Le préfet de Saône-et-Loire	position	unknown	unknown	male	civil servant	France ; Saône-et-Loire							no	
255	le président de l'Institut de correspondance archéologique	position	unknown	unknown	male	archaeologist	France							no	
256	le Président de la Société royale de littérature de Londres	position	unknown	unknown	male	unknown	United Kingdom							no	
257	le rédacteur de la Presse	position	unknown	unknown	male	writer	France			https://www.wikidata.org/wiki/Q3211911				no	
258	Victor-Emmanuel II d'Italie	human	unknown	unknown	male	monarch	Italy			https://www.wikidata.org/wiki/Q168691				no	
259	Le secrétaire de l'Athénée oriental	position	unknown	unknown	male	unknown	France	https://catalogue.bnf.fr/ark:/12148/cb13749772k	https://data.bnf.fr/ark:/12148/cb13749772k					no	
260	Le secrétaire de M. Guimet	position	unknown	unknown	male	unknown	France ; Rhône							no	See also 'Saint-Sulpice, J. de'
261	Le secrétaire général du Ministre de l'Instruction publique	position	unknown	unknown	male	civil servant	France							no	
262	Le Secrétaire perpétuel de l'Académie des Inscriptions et Belles Lettres	position	unknown	unknown	male	unknown	France							no	
263	Le sous-préfet de Châlons-sur-Saône	position	unknown	unknown	male	civil servant	Saône-et-Loire							no	
264	Leblois, président du Consistoire au Temple neuf à Strasbourg	human	unknown	unknown	male	unknown	France			https://www.wikidata.org/wiki/Q3102116				no	
265	Lecot, E.	human	unknown	unknown	male	unknown	unknown							no	
266	Leemans, Conrad	human	1809	1893	male	egyptologist ; curator ; orientalist	Netherlands			https://www.wikidata.org/wiki/Q5943756			https://cths.fr/an/savant.php?id=124256	yes	
267	Lefébure, Eugène	human	1838	1908	male	egyptologist ; professor	France ; Paris ; Rhône			https://www.wikidata.org/wiki/Q1373523			https://cths.fr/an/savant.php?id=107775	yes	
268	Lefébure, Joseph	human	1838	1908	male	archaeologist ; anthropologist ; egyptologist	France	https://catalogue.bnf.fr/ark:/12148/cb12333535b	https://data.bnf.fr/ark:/12148/cb12333535b	https://www.wikidata.org/wiki/Q1373523	http://isni.org/isni/0000000122795025	http://viaf.org/viaf/46832513		no	
269	Lejean, Guillaume	human	1824	1871	male	traveller; geographer	France	https://catalogue.bnf.fr/ark:/12148/cb11912276b	https://data.bnf.fr/ark:/12148/cb11912276b	https://www.wikidata.org/wiki/Q322885	http://isni.org/isni/0000000118865086	http://viaf.org/viaf/67247792		no	
270	Leleux	human	unknown	unknown	unknown	unknown	unknown							no	
271	Lepage-Renouf, Peter	human	1822	1897	male	egyptologist ; archaeologist	United Kingdom	https://catalogue.bnf.fr/ark:/12148/cb155365485	https://data.bnf.fr/ark:/12148/cb155365485	https://www.wikidata.org/wiki/Q706076	http://isni.org/isni/0000000081258521	http://viaf.org/viaf/47075121		yes	
272	Lépine, Frédéric	human	unknown	unknown	male	unknown	France ; Burgundy							no	From Dijon (Côte-d'Or)
273	Lepsius, Richard	human	1810	1884	male	anthropologist ; linguist ; librarian ; archaeologist ; egyptologist ; professor	Germany	https://catalogue.bnf.fr/ark:/12148/cb12416893t	https://data.bnf.fr/ark:/12148/cb12416893t	https://www.wikidata.org/wiki/Q77231	http://isni.org/isni/0000000121373787	http://viaf.org/viaf/66554760	https://cths.fr/an/savant.php?id=124833	yes	
274	Leroux, Ernest	human	1845	1917	male	publisher ; bookseller	France ; Paris	https://catalogue.bnf.fr/ark:/12148/cb15240618r	https://data.bnf.fr/ark:/12148/cb15240618r	https://www.wikidata.org/wiki/Q3057051	http://isni.org/isni/0000000068787031	http://viaf.org/viaf/15533235	https://cths.fr/an/savant.php?id=115099	no	
275	Lesley, J.P.	human	1819	1903	male	geologist ; professor	United States			https://www.wikidata.org/wiki/Q1676376	http://isni.org/isni/0000000107731306	http://viaf.org/viaf/15552186 		no	BiÉg 9, p. XCVII: secretary to the American Philosophical Society (Philadelphia)
276	Lesne, L.	human	unknown	unknown	unknown	unknown	unknown							no	
277	Lewis, S.S.	human	1836	1891	male	librarian ; priest ; collector	United Kingdom	https://catalogue.bnf.fr/ark:/12148/cb12346363z	https://data.bnf.fr/ark:/12148/cb12346363z	https://www.wikidata.org/wiki/Q18672307	http://isni.org/isni/0000000061369726	http://viaf.org/viaf/42649416	https://cths.fr/an/savant.php?id=125920#	no	From Cambridge University Library
278	Librairie Claudin	human	1833	1906	male	bookseller	France			https://www.wikidata.org/wiki/Q44400352		https://viaf.org/viaf/703155648118218330008		no	
279	Lieblein, Jens	human	1827	1911	male	linguist ; egyptologist	Norway	https://catalogue.bnf.fr/ark:/12148/cb10661325v	https://data.bnf.fr/ark:/12148/cb10661325v	https://www.wikidata.org/wiki/Q2578997	http://isni.org/isni/0000000121016990	http://viaf.org/viaf/59850287		yes	
280	Lièvre, F.	human	unknown	unknown	unknown	unknown	unknown							no	
281	Linas, Charles de	human	1812	1887	male	historian	Nord	https://catalogue.bnf.fr/ark:/12148/cb12735388j	https://data.bnf.fr/ark:/12148/cb12735388j	https://www.wikidata.org/wiki/Q55672589	http://isni.org/isni/000000006632579X	http://viaf.org/viaf/27191527	https://cths.fr/an/savant.php?id=501	no	
282	Lockwood, Phebe	human	unknown	unknown	female	unknown	unknown							no	
283	Longpérier, Adrien de	human	1816	1882	male	numismatist ; archaeologist ; curator ; assyriologist ; orientalist	France ; Paris	https://catalogue.bnf.fr/ark:/12148/cb12568704s	https://data.bnf.fr/ark:/12148/cb12568704s	https://www.wikidata.org/wiki/Q127218	http://isni.org/isni/0000000120956147	http://viaf.org/viaf/12424536	https://cths.fr/an/savant.php?id=506	yes	
284	Longuy, Henry de	human	unknown	unknown	male	unknown	unknown							no	
285	Loriol, Perceval de	human	1828	1908	male	paleontologist ; geologist	Switzerland	https://catalogue.bnf.fr/ark:/12148/cb10505298b	https://data.bnf.fr/ark:/12148/cb10505298b	https://www.wikidata.org/wiki/Q1592441	http://isni.org/isni/0000000121383870	http://viaf.org/viaf/69702353	https://cths.fr/an/savant.php?id=114179	no	
286	Lumbroso, Giacomo	human	1844	1925	male	archaeologist ; historian ; egyptologist ; professor ; papyrologist	Italy	https://catalogue.bnf.fr/ark:/12148/cb128074327	https://data.bnf.fr/ark:/12148/cb128074327	https://www.wikidata.org/wiki/Q1114705	http://isni.org/isni/0000000121358253	http://viaf.org/viaf/61674430		no	
287	Madame ???	human	unknown	unknown	female	unknown	unknown							no	
288	Madier de Montjau/Madier-Montjau, Édouard	human	unknown	unknown	male	unknown	unknown							no	
289	Maillard, J.	human	unknown	unknown	male	priest	France							no	Parish priest of Thorigné
290	maire de Saint-Étienne	human	unknown	unknown	male	politician	France							no	Should be Étienne Moyse 
291	Maisonneuve (libraire)	human	unknown	unknown	male	publisher	unknown			https://www.wikidata.org/wiki/Q3280327	http://isni.org/isni/000000044672563X			no	
292	Malan, Solomon Caesar	human	1812	1894	male	linguist ; orientalist ; egyptologist	United Kingdom			https://www.wikidata.org/wiki/Q2654742				yes	
293	Maricourt (baron de)	human	1842	1902	male	military officer ; archaeologist ; curator ; historian	France	https://catalogue.bnf.fr/ark:/12148/cb10589454w	https://data.bnf.fr/ark:/12148/cb10589454w					no	From Vendôme (Loir-et-Cher)
294	Mariette, Auguste	human	1821	1881	male	egyptologist ; archaeologist ; curator	France ; Egypt	https://catalogue.bnf.fr/ark:/12148/cb12213258k	https://data.bnf.fr/ark:/12148/cb12213258k	https://www.wikidata.org/wiki/Q311850	http://isni.org/isni/0000000108628044	http://viaf.org/viaf/2521520	https://cths.fr/an/savant.php?id=101932	yes	
295	Bourcet, Martin	human	unknown	unknown	male	unknown	Saône-et-Loire ; France							no	From Tournus (Saône-et-Loire)
296	Maspero, Gaston	human	1846	1916	male	egyptologist ; folklorist ; archaeologist ; professor ; historian ; linguist ; orientalist	France ; Paris	https://catalogue.bnf.fr/ark:/12148/cb11914963d	https://data.bnf.fr/ark:/12148/cb11914963d	https://www.wikidata.org/wiki/Q311816	http://isni.org/isni/0000000115773186	http://viaf.org/viaf/89234658	https://cths.fr/an/savant.php?id=832	yes	
297	Massé, Alexandre	human	unknown	unknown	male	unknown	France							no	Publicist, directof of the Annuaire bibliographique de la province
298	Matthes, C.J./C.S.	human	unknown	unknown	male	unknown	Netherlands			https://www.wikidata.org/wiki/Q67198253 				no	From the Royal Netherlands Academy of Arts and Sciences (Amsterdam)
299	Mauchamps, P.	human	unknown	unknown	unknown	unknown	unknown							no	
300	Maury, Alfred	human	1817	1892	male	archaeologist ; archivist ; professor ; historian ; historian	France ; Paris	https://catalogue.bnf.fr/ark:/12148/cb119152793	https://data.bnf.fr/ark:/12148/cb119152793	https://www.wikidata.org/wiki/Q1972200	http://isni.org/isni/0000000121379812	http://viaf.org/viaf/68932704	https://cths.fr/an/savant.php?id=793	no	
301	Menand, Émile	human	unknown	unknown	male	lawyer	unknown							no	Lawyer
302	Méray, Charles	human	1835	1911	male	mathematician	France ; Saône-et-Loire	https://catalogue.bnf.fr/ark:/12148/cb12552143c	https://data.bnf.fr/ark:/12148/cb12552143c	https://www.wikidata.org/wiki/Q983977	http://isni.org/isni/0000000108158580	http://viaf.org/viaf/102388154		no	
303	Méray, Eugène	human	unknown	unknown	male	unknown	unknown							no	
304	Mézières, Alfred	human	1826	1915	male	politician ; writer ; historian	France ; Paris	https://catalogue.bnf.fr/ark:/12148/cb12425466s	https://data.bnf.fr/ark:/12148/cb12425466s	https://www.wikidata.org/wiki/Q2835365	http://isni.org/isni/0000000120956403	http://viaf.org/viaf/14861984	https://cths.fr/an/savant.php?id=110931	no	
305	Michelant, Henry	human	1811	1890	male	librarian ; historian ; writer	France ; Paris	https://catalogue.bnf.fr/ark:/12148/cb12459770f	https://data.bnf.fr/ark:/12148/cb12459770f	https://www.wikidata.org/wiki/Q1516979			https://cths.fr/an/savant.php?id=625#	no	
306	ministre de l'Instruction publique	position	unknown	unknown	male	politician	France ; Paris							no	
307	Ministère de l'Instruction publique	organisation	unknown	unknown	male	politician	France ; Paris							no	
308	Ministre d'État	position	unknown	unknown	male	unknown	unknown							no	
309	Ministre de France aux Pays-Bas	position	unknown	unknown	male	diplomat	France							no	
310	Ministre des Pays-Bas à Paris	human	1795	1873	male	politician ; diplomat ; lawyer	Netherlands			https://www.wikidata.org/wiki/Q1819131	http://isni.org/isni/0000000390857309	http://viaf.org/viaf/284607568		no	
311	Mission égyptienne en France	organisation	unknown	unknown	no	unknown	France ; Egypt ; Paris							no	
312	Mocquard, Jean-François [alors chef du cabinet de l'Empereur]	human	1791	1864	male	politician ; lawyer ; diplomat	France	https://catalogue.bnf.fr/ark:/12148/cb169689695	https://data.bnf.fr/ark:/12148/cb169689695	https://www.wikidata.org/wiki/Q3165782	http://isni.org/isni/0000000118053475	http://viaf.org/viaf/168990778		no	
313	Moigno, François	human	1804	1884	male	priest ; physicist ; theologian	France	https://catalogue.bnf.fr/ark:/12148/cb12109932w	https://data.bnf.fr/ark:/12148/cb12109932w					no	
314	Moïse (docteur de G. Lumbroso)	human	unknown	unknown	male	doctor	unknown							no	
315	Montessus de Ballore, Fernand Bernard	human	1851	1923	male	geologist ; writer ; military officer	France ; Saône-et-Loire	https://catalogue.bnf.fr/ark:/12148/cb12351790z	https://data.bnf.fr/ark:/12148/cb12351790z	https://www.wikidata.org/wiki/Q3069395	http://isni.org/isni/000000008081950X	http://viaf.org/viaf/2547059		no	
316	Montessus (docteur de)	human	1817	1899	male	doctor ; naturalist	France ; Saône-et-Loire	https://catalogue.bnf.fr/ark:/12148/cb10715301z	https://data.bnf.fr/ark:/12148/cb10715301z					no	
317	Moquin-Tandon, Gaston	human	unknown	unknown	male	unknown	unknown							no	Given in brackets by the catalogue
318	Mortier (pour M. Poitevin)	human	unknown	unknown	male	unknown	unknown							no	
319	Mortillet, Gabriel de	human	1821	1898	male	anthropologist ; archaeologist ; politician ; prehistorian ; professor	France ; Paris	https://catalogue.bnf.fr/ark:/12148/cb12776667g	https://data.bnf.fr/ark:/12148/cb12776667g	https://www.wikidata.org/wiki/Q740782	http://isni.org/isni/0000000121268290	http://viaf.org/viaf/32124281	https://cths.fr/an/savant.php?id=102939	no	
320	Motais, Alexandre (abbé)	human	unknown	unknown	male	priest	unknown							no	
321	Motais, Léon	human	unknown	unknown	male	unknown	unknown							no	
322	Musée de Châlons-sur-Saône	organisation	unknown	unknown	no	curator	France ; Saône-et-Loire			https://www.wikidata.org/wiki/Q3329386	http://isni.org/isni/0000000121765481	http://viaf.org/viaf/144917931		no	
323	Naville, Édouard	human	1844	1926	male	archaeologist ; egyptologist ; anthropologist ; professor	Switzerland	https://catalogue.bnf.fr/ark:/12148/cb130842342	https://data.bnf.fr/ark:/12148/cb130842342	https://www.wikidata.org/wiki/Q115746	http://isni.org/isni/0000000122773934	http://viaf.org/viaf/22277258	https://cths.fr/an/savant.php?id=114972	yes	
324	Naville, J. Adrien	human	unknown	unknown	male	unknown	Switzerland							no	From Genthod (Suisse)
325	Nicaise, Auguste	human	1828	1900	male	historian ; archaeologist	France	https://catalogue.bnf.fr/ark:/12148/cb11917645c	https://data.bnf.fr/ark:/12148/cb11917645c	https://www.wikidata.org/wiki/Q2871338	http://isni.org/isni/0000000110674269	http://viaf.org/viaf/64009830	https://cths.fr/an/savant.php?id=103515	no	
326	Niepce, Léopold	human	1813	1898	male	magistrate ; local historian	France ; Saône-et-Loire ; Rhône			https://www.wikidata.org/wiki/Q55181823			https://cths.fr/an/savant.php?id=1082	no	
327	Nolte (abbé)	human	unknown	unknown	male	priest	unknown							no	
328	P.	human	unknown	unknown	unknown	unknown	unknown							no	
329	Paravey, Charles Hippolyte de	human	1787	1871	male	engineer ; egyptologist	France	https://catalogue.bnf.fr/ark:/12148/cb106624241	https://data.bnf.fr/ark:/12148/cb106624241	https://www.wikidata.org/wiki/Q16194912	http://isni.org/isni/0000000118565542	http://viaf.org/viaf/100208000		yes	
330	Pauthier, Guillaume	human	1801	1873	male	orientalist ; egyptologist	France			https://www.wikidata.org/wiki/Q3120112				yes	
331	Pavy, Octave	human	unknown	unknown	male	unknown	unknown			https://www.wikidata.org/wiki/Q15965501				no	
332	Peladan, Adrien	human	1815	1890	male	writer	France ; Rhône			https://www.wikidata.org/wiki/Q4978030			https://cths.fr/an/savant.php?id=101672	no	
333	Pereonne, E.	human	unknown	unknown	unknown	unknown	unknown							no	
334	Péretié, Aimé	human	unknown	unknown	male	collector	Lebanon ; France							no	BiÉg 9, p. CXLVII: French consul in Beyrouth (actualy chancellor of the consulate)
335	Perny, Paul	human	unknown	unknown	male	unknown	unknown	https://catalogue.bnf.fr/ark:/12148/cb11621591h	https://data.bnf.fr/ark:/12148/cb11621591h					no	
336	Pérod	human	unknown	unknown	unknown	unknown	unknown							no	
337	Pérot, J.	human	unknown	unknown	unknown	unknown	unknown							no	
338	Perrault, Ernest	human	unknown	unknown	male	unknown	France ; Saône-et-Loire							no	From Rully (Saône-et-Loire)
339	Perrault, Marie E.	human	unknown	unknown	female	unknown	unknown							no	
340	Perret, H.	human	unknown	unknown	unknown	unknown	unknown							no	Maybe Horace Perret (1853-1934, https://cths.fr/an/savant.php?id=111756), naturalist from Lyon?
341	Peut, Hippolyte	human	1809	1889	male	lawyer ; writer	unknown	https://catalogue.bnf.fr/ark:/12148/cb10368814r	https://data.bnf.fr/ark:/12148/cb10368814r					no	
342	Pierrée, Paul	human	unknown	unknown	male	unknown	unknown							no	Typo for Pierret?
343	Pierret, Paul	human	1836	1916	male	egyptologist ; curator	France			https://www.wikidata.org/wiki/Q3372011				yes	
344	Piétrement, F.	human	unknown	unknown	unknown	unknown	unknown							no	
345	Piette, Édouard	human	1827	1906	male	magistrate ; lawyer ; prehistorian ; archaeologist ; collector	France			https://www.wikidata.org/wiki/Q3579997			https://cths.fr/an/savant.php?id=102740#	no	
346	Pinelli (de), Laure	human	unknown	unknown	female	unknown	France							no	From Saint-George de Didonne (Charente-Maritime)
347	Pino, A.	human	unknown	unknown	unknown	unknown	unknown							no	
348	Pique, Paul	human	unknown	unknown	male	unknown	unknown							no	
349	Pistollet de Saint Ferjeux, Théodore	human	1808	1877	male	historian ; archaeologist	France	https://catalogue.bnf.fr/ark:/12148/cb10702510j	https://data.bnf.fr/ark:/12148/cb10702510j					no	
350	Pitra, Jean-Baptiste de	human	1812	1889	male	priest ; librarian ; archaeologist	France ; Saône-et-Loire	https://catalogue.bnf.fr/ark:/12148/cb11919948q	https://data.bnf.fr/ark:/12148/cb11919948q					no	
351	Planus, L. (abbé)	human	unknown	unknown	male	priest	unknown							no	
352	Pleyte, Willem	human	1836	1903	male	egyptologist ; curator	Netherlands			https://www.wikidata.org/wiki/Q1962883				yes	
353	Pluygers, W.G.	human	unknown	unknown	unknown	unknown	unknown							no	
354	Polson, John	human	unknown	unknown	male	unknown	unknown							no	
355	Ponthieux	human	unknown	unknown	unknown	unknown	unknown							no	
356	Préfet de Saône-et-Loire	human	unknown	unknown	male	civil servant	France ; Saône-et-Loire							no	
357	président de la Société d'agriculture du département de la Loire	human	unknown	unknown	male	unknown	France	https://catalogue.bnf.fr/ark:/12148/cb12361457h	https://data.bnf.fr/ark:/12148/cb12361457h					no	
358	Président du corps législatif	human	unknown	unknown	male	politician	France ; Paris							no	
359	Prisse d'Avennes (Madame)	human	unknown	unknown	female	unknown	France							no	
360	Prisse d'Avennes, Émile	human	1807	1879	male	egyptologist ; engineer ; artist	France			https://www.wikidata.org/wiki/Q2317861				yes	Given in brackets by the catalogue
361	Pruner Bey	human	1808	1883	male	doctor ; archaeologist ; prehistorian	France ; Paris			https://www.wikidata.org/wiki/Q108545			https://cths.fr/an/savant.php?id=107900	yes	Pruner, Franz Ignaz; German who lived in Egypt, then in Paris (1860-1870: it is during this time he wrote to Chabas), then in Italy.
363	Rabut, Laurent	human	unknown	unknown	male	unknown	unknown	https://catalogue.bnf.fr/ark:/12148/cb10327436w	https://data.bnf.fr/ark:/12148/cb10327436w					no	
364	Recteur de l'Académie de Lyon	human	unknown	unknown	male	professor	France							no	
365	Rédaction du Progrès de Saône-et-Loire	organisation	unknown	unknown	no	unknown	Saône-et-Loire ; France	https://catalogue.bnf.fr/ark:/12148/cb32844096p	https://data.bnf.fr/ark:/12148/cb32844096p					no	
366	Reinhardt	human	unknown	unknown	unknown	unknown	unknown							no	
367	Reinisch (docteur)	human	1832	1919	male	egyptologist ; linguist	Austria	https://catalogue.bnf.fr/ark:/12148/cb12156206q	https://data.bnf.fr/ark:/12148/cb12156206q					?	The same as Léo S.?
368	Reinisch, Léo S.	human	1832	1919	male	linguist ; egyptologist	Austria			https://www.wikidata.org/wiki/Q85753				yes	The same as the doctor?
369	Reinwald, Charles	human	1812	1891	male	bookseller	France	https://catalogue.bnf.fr/ark:/12148/cb10450329f	https://data.bnf.fr/ark:/12148/cb10450329f					no	
370	Renaud, Félix	human	1832	1907	male	politician	France	https://catalogue.bnf.fr/ark:/12148/cb13381231t	https://data.bnf.fr/ark:/12148/cb13381231t	https://www.wikidata.org/wiki/Q3092587		http://viaf.org/viaf/311431435		no	
371	Révillout, Eugène	human	1843	1913	male	historian ; archaeologist ; anthropologist ; egyptologist ; linguist ; curator	France	https://catalogue.bnf.fr/ark:/12148/cb12283515k	https://data.bnf.fr/ark:/12148/cb12283515k	https://www.wikidata.org/wiki/Q1347441	http://isni.org/isni/0000000121451714	http://viaf.org/viaf/100206616		yes	
372	Revue archéologique	organisation	unknown	unknown	no	unknown	France			https://www.wikidata.org/wiki/Q3428620				no	
373	Rey, N.	human	unknown	unknown	unknown	unknown	unknown							no	
374	Reydellet, H. de	human	unknown	unknown	unknown	unknown	unknown							no	
375	Reynaud, Michel	human	unknown	unknown	male	unknown	unknown							no	
376	Rhoné, Arthur	human	1836	1910	male	traveller ; writer	France ; Paris	https://catalogue.bnf.fr/ark:/12148/cb13777287c	https://data.bnf.fr/ark:/12148/cb13777287c	https://www.wikidata.org/wiki/Q2865304	http://isni.org/isni/0000000110093413	http://viaf.org/viaf/123258233	https://cths.fr/an/savant.php?id=104735	yes	
377	Ricard	human	unknown	unknown	unknown	unknown	unknown							no	
378	Ricard, H.	human	unknown	unknown	unknown	unknown	unknown							no	
379	Ricard, M.	human	unknown	unknown	unknown	unknown	unknown							no	
380	Ricard, P.	human	unknown	unknown	unknown	unknown	unknown							no	
381	Ricketts Cooper, William	human	1843	1878	male	orientalist	United Kingdom			https://www.wikidata.org/wiki/Q18534965	http://isni.org/isni/0000000061234565	http://viaf.org/viaf/24999764		no	
382	Rivières, Edmond de	human	unknown	unknown	male	unknown	unknown							no	
383	Robert, Ch.	human	unknown	unknown	unknown	unknown	unknown							no	Different friom Pierre-Charles?
384	Robert, L.	human	unknown	unknown	unknown	unknown	unknown							no	
385	Robert, Pierre-Charles	human	1812	1887	male	archaeologist ; numismatist	France	https://catalogue.bnf.fr/ark:/12148/cb123445829	https://data.bnf.fr/ark:/12148/cb123445829	https://www.wikidata.org/wiki/Q20819296	http://isni.org/isni/0000000107989585	http://viaf.org/viaf/34531610		no	
386	Robien, Félix	human	unknown	unknown	male	unknown	unknown							no	
387	Rodenbach, Constantin-Auguste	human	unknown	unknown	male	unknown	unknown							no	
388	Rolland, A. (abbé)	human	unknown	unknown	male	priest	France							no	From Arras (Pas-de-Calais)
389	Romieu, Auguste	human	1800	1855	male	curator ; civil servant	France ; Paris	https://catalogue.bnf.fr/ark:/12148/cb12181021g	https://data.bnf.fr/ark:/12148/cb12181021g	https://www.wikidata.org/wiki/Q2871387	http://isni.org/isni/0000000107773506	http://viaf.org/viaf/12351172	https://cths.fr/an/savant.php?id=101966	yes	
390	Rosny, Léon de	human	1837	1914	male	anthropologist ; linguist ; orientalist	France	https://catalogue.bnf.fr/ark:/12148/cb11922640n	https://data.bnf.fr/ark:/12148/cb11922640n	https://www.wikidata.org/wiki/Q3028656	http://isni.org/isni/0000000368532436 ; http://isni.org/isni/0000000105769693	http://viaf.org/viaf/64653606	https://cths.fr/an/savant.php?id=1064	no	
391	Rossi, Emilia	human	unknown	unknown	female	unknown	unknown							no	
392	Rossi, Francesco	human	1827	1912	male	egyptologist ; curator	Italy	https://catalogue.bnf.fr/ark:/12148/cb107444290	https://data.bnf.fr/ark:/12148/cb107444290					yes	
393	Rougé, Emmanuel de	human	1811	1872	male	professor ; archaeologist ; egyptologist ; curator ; politician ; civil servant	France	https://catalogue.bnf.fr/ark:/12148/cb123351571	https://data.bnf.fr/ark:/12148/cb123351571	https://www.wikidata.org/wiki/Q2087467	http://isni.org/isni/0000000066324850	http://viaf.org/viaf/22213246	https://cths.fr/an/savant.php?id=102953	yes	
394	Roulleaux-Dugage (Madame)	human	1821	1894	female	unknown	France			https://www.wikidata.org/wiki/Q20643644				no	
395	Saint-Ferriol, L. de	human	unknown	1877	male	collector	France			https://www.wikidata.org/wiki/Q86436848				no	BiÉg 9, p. XXII
396	Saint-Mauris, René de	human	1837	1883	male	historian ; archivist	France ; Saône-et-Loire	https://catalogue.bnf.fr/ark:/12148/cb106347283	https://data.bnf.fr/ark:/12148/cb106347283	https://www.wikidata.org/wiki/Q34488860	http://isni.org/isni/0000000000081147	http://viaf.org/viaf/61535788	https://cths.fr/an/savant.php?id=1910	no	
397	Saint-René Taillandier	human	1817	1879	male	historian ; professor ; writer ; politician ; civil servant	France ; Paris	https://catalogue.bnf.fr/ark:/12148/cb125557265	https://data.bnf.fr/ark:/12148/cb125557265	https://www.wikidata.org/wiki/Q3463272	http://isni.org/isni/0000000121282762	http://viaf.org/viaf/37032232	https://cths.fr/an/savant.php?id=124620	no	Other letters may be adressed to him as Public Eductation minister
398	Saint-Sulpice, J. de, secrétaire d'Émile Guimet	human	unknown	unknown	male	unknown	France ; Rhône							no	See also 'The secretary of É. Guimet', maybe the same person.
399	Samson, J., chef du bureau des bibliothèques du ministère de l'Instruction publique	human	unknown	unknown	male	civil servant	France							no	
400	Sandelette, Charles	human	unknown	unknown	male	unknown	unknown							no	
401	Saulcy, [Ernest de?]	human	unknown	unknown	unknown	unknown	unknown							no	
402	Saulcy, de	human	unknown	unknown	unknown	unknown	unknown							?	Which one?
403	Saulcy, Félicien de	human	1807	1880	male	anthropologist ; archaeologist ; politician ; numismatist ; curator	France ; Paris	https://catalogue.bnf.fr/ark:/12148/cb12245110d	https://data.bnf.fr/ark:/12148/cb12245110d	https://www.wikidata.org/wiki/Q55072238	http://isni.org/isni/0000000357070766	http://viaf.org/viaf/195673808	https://cths.fr/an/savant.php?id=1121	yes	
404	Saulcy, J. de	human	unknown	unknown	unknown	unknown	unknown							?	
405	Sauley (de)	human			unknown	unknown	unknown							?	Typo for 'Saulcy'?
406	Sauley, de	human			unknown	unknown	unknown							?	Typoe for 'Saulcy'?
407	Savin (de)	human	unknown	unknown	unknown	unknown	unknown							no	
408	Schaeffer, Heinrich	human	1868	1957	male	egyptologist ; curator ; linguist ; archaeologist	Germany							yes	
409	Schiaparelli, Ernesto	human	1856	1928	male	anthropologist ; archaeologist ; egyptologist ; professor ; politician	Italy	https://catalogue.bnf.fr/ark:/12148/cb105572338	https://data.bnf.fr/ark:/12148/cb105572338	https://www.wikidata.org/wiki/Q1356829	http://isni.org/isni/0000000061444597	http://viaf.org/viaf/76305899		yes	
410	Schiffer, A. 	human	unknown	unknown	unknown	unknown	unknown							no	
411	Schmidt, Valdemar	human	1836	1925	male	egyptologist ; linguist ; archaeologist ; curator	Denmark	https://catalogue.bnf.fr/ark:/12148/cb153508280	https://data.bnf.fr/ark:/12148/cb153508280					yes	
412	Schneider, Valdemar	human	unknown	unknown	male	unknown	unknown							no	
413	Schnepp, Bernard (docteur)	human	unknown	unknown	male	doctor	Egypt							no	Maybe https://catalogue.bnf.fr/ark:/12148/cb10536372s ?; he nominated Chabas for membership of the Institut d’Égypte
414	Schuhl, Moïse	human	1845	1911	male	rabbi	France	https://catalogue.bnf.fr/ark:/12148/cb11924140r	https://data.bnf.fr/ark:/12148/cb11924140r	https://www.wikidata.org/wiki/Q3327088	http://isni.org/isni/0000000066409723	http://viaf.org/viaf/13206857		no	Given in brackets by the catalogue
415	Schwob, George	human	1822	1892	male	writer	Egypt			https://www.wikidata.org/wiki/Q3101904				no	Lived in Egypt; was secretary for the Institut d’Égypte and Mohamed Sherif Pasha
416	Sciama	human	1821	1889	male	engineer ; traveller	unknown	https://catalogue.bnf.fr/ark:/12148/cb16947035q	https://data.bnf.fr/ark:/12148/cb16947035q					no	
417	Secrétaire du Sénat	human	unknown	unknown	male	civil servant	France ; Paris							no	
418	Secrétaire perpétuel de l'Académie d'Archéologie de Belgique	human	unknown	unknown	male	unknown	Belgium							no	
419	secrétaire perpétuel de l'Académie de Lyon	human	unknown	unknown	male	unknown	France ; Rhône							no	
420	Secrétaire perpétuel de l'Académie des Inscriptions et Belles Lettres	human	unknown	unknown	male	unknown	France ; Paris							no	
421	Sepet, Marius	human	1845	1925	male	librarian ; historian	France ; Paris	https://catalogue.bnf.fr/ark:/12148/cb11924440k	https://data.bnf.fr/ark:/12148/cb11924440k	https://www.wikidata.org/wiki/Q3293856	http://isni.org/isni/0000000066333175	http://viaf.org/viaf/73860169	https://cths.fr/an/savant.php?id=1916	no	
422	Simon (abbé)	human	unknown	unknown	male	priest	unknown							no	The same as Jules Simon?
423	Simon, Jules	human	1814	1896	male	politician ; philosopher	France	https://catalogue.bnf.fr/ark:/12148/cb119248322	https://data.bnf.fr/ark:/12148/cb119248322	https://www.wikidata.org/wiki/Q548532	http://isni.org/isni/0000000122800445	http://viaf.org/viaf/54154379		no	The same as the abbot Simon?
424	Sire, D. (abbé)	human	1827	1917	male	priest ; professor ; hebraist	France ; Paris						https://cths.fr/an/savant.php?id=116930	no	BiÉg 9: from Saint-Sulpice
425	Smithsonian Institution	organisation	unknown	unknown	no	unknown	United States	https://catalogue.bnf.fr/ark:/12148/cb118671884	https://data.bnf.fr/ark:/12148/cb118671884	https://www.wikidata.org/wiki/Q131626	http://isni.org/isni/0000000121855671	http://viaf.org/viaf/159805885		no	
426	Société des amis des arts et des science de Tournus	organisation	unknown	unknown	no	unknown	France ; Saône-et-Loire			https://www.wikidata.org/wiki/Q28930024	http://isni.org/isni/0000000119598813	http://viaf.org/viaf/169129210		no	
427	Société des Antiquaires de France	organisation	unknown	unknown	no	unknown	France	https://catalogue.bnf.fr/ark:/12148/cb122109296	https://data.bnf.fr/ark:/12148/cb122109296	https://www.wikidata.org/wiki/Q3488100		http://viaf.org/viaf/127122397		no	
428	Society of biblical archeology	organisation	unknown	unknown	no	unknown	United Kingdom			https://www.wikidata.org/wiki/Q7552391		http://viaf.org/viaf/139573954		no	
429	Soury, Jules	human	1842	1915	male	writer ; psychologist ; librarian	France	https://catalogue.bnf.fr/ark:/12148/cb127348175	https://data.bnf.fr/ark:/12148/cb127348175	https://www.wikidata.org/wiki/Q3188917	http://isni.org/isni/0000000110225287	http://viaf.org/viaf/22266604		no	
430	Sous-Préfet de Châlons sur Saône	human	unknown	unknown	male	civil servant	France ; Saône-et-Loire							no	
431	Sous-Préfet de Châlons-sur-Saône	human	unknown	unknown	male	civil servant	France ; Saône-et-Loire							no	
432	sous-préfet de Châlons-sur-Saône	human	unknown	unknown	male	civil servant	France ; Saône-et-Loire							no	
433	Spano, Giovanni	human	1803	1878	male	anthropologist ; professor ; linguist ; archaeologist ; politician ; priest ; librarian	Italy	https://catalogue.bnf.fr/ark:/12148/cb12516825h	https://data.bnf.fr/ark:/12148/cb12516825h	https://www.wikidata.org/wiki/Q2261894	http://isni.org/isni/0000000081461634	http://viaf.org/viaf/66573835	https://cths.fr/an/savant.php?id=113938	no	
434	Stephanopole, M.A. (née [Rome])	human	unknown	unknown	female	unknown	unknown							no	
435	Tardy	human	unknown	unknown	unknown	unknown	unknown							no	Maybe Louis de Tardy de Montravel, local historian from Lyon (1823-1909 ; https://cths.fr/an/savant.php?id=105181)
436	Testa, Vittore	human	unknown	unknown	male	unknown	unknown							no	
437	Textor de Ravisi (baron)	human	1822	1902	male	military officer ; civil servant	France	https://catalogue.bnf.fr/ark:/12148/cb12397386w	https://data.bnf.fr/ark:/12148/cb12397386w	https://www.wikidata.org/wiki/Q56120436	http://isni.org/isni/000000000690663X	http://viaf.org/viaf/17307526		yes	
438	the American philosophical society Philadelphia	organisation	unknown	unknown	no	unknown	United States	https://catalogue.bnf.fr/ark:/12148/cb12148286g	https://data.bnf.fr/ark:/12148/cb12148286g	https://www.wikidata.org/wiki/Q466089	http://isni.org/isni/0000000404538561	http://viaf.org/viaf/143732195		no	
439	Theinhardt, Ferd.	human	1820	1906	male	publisher	Germany			https://www.wikidata.org/wiki/Q16214284	http://isni.org/isni/000000001121526X	http://viaf.org/viaf/17598117		no	
440	Thorbecke (ministre d'État à La Haye)	human	1798	1872	male	professor ; politician ; historian ; professor	Netherlands	https://catalogue.bnf.fr/ark:/12148/cb119483055	https://data.bnf.fr/ark:/12148/cb119483055	https://www.wikidata.org/wiki/Q182509	http://isni.org/isni/0000000081455912	http://viaf.org/viaf/66475528		no	
441	Thorin, Ernest	human	unknown	unknown	male	unknown	unknown							no	
442	Tiffany et cie (New-York, Londres et Paris)	organisation	unknown	unknown	no	unknown	France	https://catalogue.bnf.fr/ark:/12148/cb136036527	https://data.bnf.fr/ark:/12148/cb136036527	https://www.wikidata.org/wiki/Q1066858	http://isni.org/isni/0000000120350145 ; http://isni.org/isni/0000000405606853	http://viaf.org/viaf/154771285		no	Probably a letter from Horrack, who worked for the firm
443	Tolhausen, G.	human	unknown	unknown	unknown	unknown	unknown							no	
444	Tomkins, Henry George	human	unknown	unknown	male	archaeologist	United Kingdom							no	Royal Archaeological Institute member
445	Trémaux, P.	human	1818	1895	male	architect ; traveller	France ; Saône-et-Loire	https://catalogue.bnf.fr/ark:/12148/cb13013641r	https://data.bnf.fr/ark:/12148/cb13013641r					no	
446	Uriarte y Badia, Manuel de	human	unknown	unknown	male	unknown	unknown							no	
447	Valori (de)	human	unknown	unknown	unknown	unknown	unknown							no	
448	Valroger, Hyacinthe de	human	1814	1876	male	priest	unknown	https://catalogue.bnf.fr/ark:/12148/cb10713494k	https://data.bnf.fr/ark:/12148/cb10713494k	https://www.wikidata.org/wiki/Q5952330	http://isni.org/isni/0000000061469225	http://viaf.org/viaf/32823114		no	
449	Van Drival, Eugène	human	1815	1887	male	historian ; linguist ; professor ; priest	France ; Nord	https://catalogue.bnf.fr/ark:/12148/cb129829923	https://data.bnf.fr/ark:/12148/cb129829923	https://www.wikidata.org/wiki/Q20806823	http://isni.org/isni/0000000108632596	http://viaf.org/viaf/2604273	https://cths.fr/an/savant.php?id=668	no	
450	Vélain, [Charles?]	human	1845	1925	male	geologist ; geographer ; professor	France	https://catalogue.bnf.fr/ark:/12148/cb12881989s	https://data.bnf.fr/ark:/12148/cb12881989s	https://www.wikidata.org/wiki/Q2960412	http://isni.org/isni/0000000121283001	http://viaf.org/viaf/37045493	https://cths.fr/an/savant.php?id=107941	no	
451	Vicart	human	unknown	unknown	male	engineer	France ; Auvergne							no	Given in brackets by the catalogue; from the Puy-de-Dôme chief civil engineer office; BiÉg 9 p. CXXXIII: informs Chabas about Gergovia excavation
452	Vieweg, F.	human	unknown	unknown	male	bookseller	France	https://catalogue.bnf.fr/ark:/12148/cb15959082s	https://data.bnf.fr/ark:/12148/cb15959082s					no	Owner of the bookshop A. Franck, in Paris
453	Vigouroux, Fulcrain (abbé)	human	unknown	unknown	male	priest ; hebraist	France ; Paris							no	BiÉg 9, p. CXLIX: Hebrew professor in Saint-Sulpice Seminar
454	Vincent, A.J.	human	unknown	unknown	unknown	unknown	unknown							no	Joseph Abel Vincent (1813-1891, https://cths.fr/an/savant.php?id=110773), priest and local historian from Drôme?
455	Vincent, J.H.	human	unknown	unknown	unknown	unknown	unknown							no	
456	Violanova?	human	unknown	unknown	unknown	unknown	unknown							no	
457	Vogue, Achille	human	unknown	unknown	male	unknown	France							no	From Calais (Pas-de-Calais)
458	Voguë, Melchior de	human	1829	1916	male	anthropologist ; archaeologist ; diplomat ; orientalist	France	https://catalogue.bnf.fr/ark:/12148/cb11928621t	https://data.bnf.fr/ark:/12148/cb11928621t	https://www.wikidata.org/wiki/Q3304994	http://isni.org/isni/0000000118738095	http://viaf.org/viaf/22150082	https://cths.fr/an/savant.php?id=101344	no	Maybe Eugène-Melchior
459	Wagner (abbé)	human	unknown	unknown	male	priest	France							no	BiÉg 9, p. CLII cites abbot Wagner, from Pontlevoy, as one of the last disciples of Chabas with Virey; from Les Montils (Loir-et-Cher)
460	Wallon, Henri	human	1812	1904	male	politician ; historian ; professor	France ; Paris	https://catalogue.bnf.fr/ark:/12148/cb12120402t	https://data.bnf.fr/ark:/12148/cb12120402t	https://www.wikidata.org/wiki/Q589355	http://isni.org/isni/0000000109087198	http://viaf.org/viaf/64038562	https://cths.fr/an/savant.php?id=105100#	?	
461	Watteville, Oscar de	human	1824	1901	male	civil servant	France	https://catalogue.bnf.fr/ark:/12148/cb12574020b	https://data.bnf.fr/ark:/12148/cb12574020b	https://www.wikidata.org/wiki/Q47408292	http://isni.org/isni/0000000111987320	http://viaf.org/viaf/56989662	https://cths.fr/an/savant.php?id=1432	no	Given in brackets by the catalogue
462	Woodward, B.B.	human	1816	1869	male	librarian	United Kingdom			https://www.wikidata.org/wiki/Q4892939				no	
463	Wright, Bryce M.	human	unknown	unknown	male	naturalist	Belgium							no	Member of the Société malacologique de Belgique
464	Wrobleski, Émile 	human	1835	1912	male	artist	France ; Burgundy	https://catalogue.bnf.fr/ark:/12148/cb16445253v	https://data.bnf.fr/ark:/12148/cb16445253v					no	Attribution to check?
465	Young, Liston	human	unknown	unknown	male	unknown	United Kingdom							no	From London (United Kingdom)
466	Yung	human	unknown	unknown	unknown	unknown	unknown							no	Étienne Yung (1827-?, https://cths.fr/an/savant.php?id=109371), hellenist?
467	Zannoni, Antoine	human	1833	1910	male	architect ; engineer ; archaeologist	Italy	https://catalogue.bnf.fr/ark:/12148/cb10424630t	https://data.bnf.fr/ark:/12148/cb10424630t					no	An engineer in Bologna (Italy)
468	Zay, E.	human	unknown	unknown	unknown	unknown	unknown							no	
469	Zotenberg, Charles	human	unknown	unknown	male	unknown	unknown							no	
470	Zotenberg, Hermann	human	1834	1909	male	orientalist ; writer ; librarian	France ; Paris	https://catalogue.bnf.fr/ark:/12148/cb11929734p	https://data.bnf.fr/ark:/12148/cb11929734p	https://www.wikidata.org/wiki/Q347566	http://isni.org/isni/0000000118863435	http://viaf.org/viaf/51697610	https://cths.fr/an/savant.php?id=116766	no	
471	Zündel, Johannes	human	1813	1871	male	linguist	Switzerland			https://www.wikidata.org/wiki/Q55892659		http://viaf.org/viaf/49965437		yes	Given in brackets by the catalogue
